Sequence_name	Source	Type	Start	Stop	Length	Score	Strand	Repeat	Spacer	nIslands/nRuns/maxGQ	Subset	Composition	Sequence
seq1	ABCC	G_Quadruplex_Motif	8292	8312	21	NA	+	3	NA	3I/4R/3M	NA	0A/2C/13G/5T	gggtttgcttgggcggggggg
seq1	ABCC	G_Quadruplex_Motif	8690	8710	21	NA	+	3	NA	4I/4R/3M	NA	1A/3C/14G/2T	gggcaggggtggggcctgggg
seq1	ABCC	G_Quadruplex_Motif	10582	10599	18	NA	+	3	NA	3I/4R/3M	NA	3A/0C/13G/1T	gggagatgggggggaggg
seq1	ABCC	G_Quadruplex_Motif	12313	12349	37	NA	+	3	NA	6I/6R/3M	NA	2A/11C/21G/2T	gggcagccgggccctggggccctcgggcgggaggggg
seq1	ABCC	G_Quadruplex_Motif	12775	12797	23	NA	+	3	NA	4I/4R/3M	NA	0A/2C/16G/4T	ggggtctgggttgggggcggggg
seq1	ABCC	G_Quadruplex_Motif	12876	12899	24	NA	+	3	NA	4I/4R/3M	NA	0A/1C/15G/7T	ggggtgggggtgggtttcttgggg
seq1	ABCC	G_Quadruplex_Motif	13399	13418	20	NA	+	3	NA	4I/4R/3M	NA	2A/1C/13G/3T	gggtctggggagggagtggg
seq1	ABCC	G_Quadruplex_Motif	15122	15146	25	NA	+	3	NA	5I/5R/3M	NA	2A/4C/16G/2T	gggagggctggggtggggcccaggg
seq1	ABCC	G_Quadruplex_Motif	17165	17192	28	NA	+	3	NA	5I/5R/3M	NA	1A/6C/15G/5T	gggcttgggccagggcctggggtctggg
seq1	ABCC	G_Quadruplex_Motif	21769	21792	24	NA	+	3	NA	5I/5R/3M	NA	3A/3C/16G/1T	gggaaggggagggctggggccggg
seq1	ABCC	G_Quadruplex_Motif	27014	27042	29	NA	+	3	NA	4I/4R/3M	NA	7A/5C/13G/3T	gggaacagctgggctcgatgggcaaaggg
seq1	ABCC	G_Quadruplex_Motif	28492	28525	34	NA	+	3	NA	4I/4R/3M	NA	5A/4C/21G/3T	gggtggaggggggcagcgagggggattgccaggg
seq1	ABCC	G_Quadruplex_Motif	37273	37294	22	NA	+	3	NA	4I/4R/3M	NA	1A/0C/16G/4T	ggggggtgttgggaggggtggg
seq1	ABCC	G_Quadruplex_Motif	7858	7880	23	NA	-	3	NA	4I/4R/3M	NA	3A/1C/17G/2T	gggggctggggagagggagtggg
seq1	ABCC	G_Quadruplex_Motif	7904	7930	27	NA	-	3	NA	4I/4R/3M	NA	7A/4C/15G/1T	gggggaccctcagggaagggaaagggg
seq1	ABCC	G_Quadruplex_Motif	8163	8197	35	NA	-	4	NA	4I/4R/4M	NA	4A/2C/25G/4T	gggggctggagtggggatggggggaggagctgggg
seq1	ABCC	G_Quadruplex_Motif	12033	12053	21	NA	-	3	NA	4I/4R/3M	NA	1A/4C/16G/0T	gggagggcgcggggcgcgggg
seq1	ABCC	G_Quadruplex_Motif	16691	16734	44	NA	-	3	NA	7I/7R/3M	NA	5A/6C/26G/7T	gggcagggtggctgggctgggttgggctggagggtcagaacggg
seq1	ABCC	G_Quadruplex_Motif	24153	24172	20	NA	-	3	NA	4I/4R/3M	NA	2A/0C/16G/2T	gggggtgggtggggaagggg
seq1	ABCC	G_Quadruplex_Motif	28047	28073	27	NA	-	3	NA	4I/4R/3M	NA	3A/2C/19G/3T	gggctggaggggtggggacaggtgggg
seq1	ABCC	G_Quadruplex_Motif	35108	35163	56	NA	-	3	NA	8I/8R/3M	NA	10A/7C/31G/8T	gggtcagggattgagggctagtttggggtgggagggacaaagggggcccacggggg
seq1	ABCC	G_Quadruplex_Motif	39576	39604	29	NA	-	3	NA	4I/4R/3M	NA	2A/7C/17G/3T	gggccctctcggggcgaagggggctgggg
