ID	Sequence_Name	Class	Subclass	Start	End	Length	Sequence	Score	Strand	Method	Raw_Score	Pattern_ID	Tract_Type	Tract_Length	GC_Content	AT_Content	Motif_Count	Class_Diversity	Component_Classes	Left_Arm	Right_Arm	Loop_Seq	Arm_Length	Loop_Length	Stem_Length	GC_Total	GC_Left_Arm	GC_Right_Arm	GC_Loop	Mismatches	Match_Fraction	DeltaG	A_Tracts	T_Tracts	Num_A_Tracts	Num_T_Tracts	A_Tract_Lengths	T_Tract_Lengths	Center_Positions	Repeat_Unit	Unit_Size	Copy_Number	Purity	Slippage_Energy_Score	Stems	Loops	Num_Stems	Num_Loops	Stem_Lengths	Loop_Lengths	GC_Stems	Contributing_10mers	Mean_10mer_Score	CG_Dinucleotides	AT_Dinucleotides	Alternating_CG_Regions	Alternating_AT_Regions
seq1_RLOOP_26	seq1	R-Loop	R-loop formation sites	26	43	18	CCCCGCCCCTCGTCCCCC	2.37	-	QmRLFS_detection	0.778																																														
seq1_G4_WEAK_63	seq1	G-Quadruplex	Two-tetrad weak PQS	63	86	24	GGCGATAGGGTTAAGGGAAGGCGG	1.08	+	Seeded_G4Hunter	0.5417	G4_WEAK																																													
seq1_CRV_TRACT_359	seq1	Curved_DNA	Local Curvature	359	367	9	TTTTTTTTT	2.18	+	Curved_DNA_detection	0.6	CRV_TRACT_1	T-tract	9.0	0.0	100.0																																									
seq1_RLOOP_455	seq1	R-Loop	R-loop formation sites	455	478	24	CCCTCACTCCCTTGCTCCAGACCC	1.67	-	QmRLFS_detection	0.583																																														
seq1_G4_WEAK_799	seq1	G-Quadruplex	Two-tetrad weak PQS	799	824	26	GGAAAATTAGGAACCCTGGGAACAGG	1.0	+	Seeded_G4Hunter	0.3328	G4_WEAK																																													
seq1_CLUSTER_799	seq1	Non-B_DNA_Clusters	Mixed_Cluster_3_classes	799	1118	319	GGAAAATTAGGAACCCTGGGAACAGGACGCTTGCTTTAGTATCCTCTCCCTGCTCACCTCCCCTGCACTCCCATCAGCACCGACCCACACCCAATCTCATAGAAGCCTTGTAGCTAAGGATCACCCTTTCTCCTCCCCCACTCTCCTCACCCCTTGTCAACTTTTCTTTTTCGTCCTGGGGGTTGGAATGAGTAAGAAGTAGCCTGGGATTCCATTCACTCACTTAACAAACATTTCTGAGTCCTTAGCTCTAGCACCTTGCTAAGCAAGGCAAAATCTCCAGGAGGCACCATTCACATTGCATTTTCTGTGAATGGTGC	1.96	+	Cluster_Detection	0.587						4.0	3.0	['Cruciform', 'R-Loop', 'G-Quadruplex']																																						
seq1_RLOOP_846	seq1	R-Loop	R-loop formation sites	846	870	25	CCCTGCTCACCTCCCCTGCACTCCC	1.87	-	QmRLFS_detection	0.64																																														
seq1_RLOOP_933	seq1	R-Loop	R-loop formation sites	933	951	19	CCCCCACTCTCCTCACCCC	2.23	-	QmRLFS_detection	0.737																																														
seq1_CRU_1085	seq1	Cruciform	Cruciform forming IRs	1085	1118	34	GCACCATTCACATTGCATTTTCTGTGAATGGTGC	1.62	+	Cruciform_detection	0.64	CRU_1								GCACCATTCACA	TGTGAATGGTGC	TTGCATTTTC	12.0	10.0	12.0	44.12	50.0	50.0	30.0	1.0	0.9167	-12.808																									
seq1_CRU_1131	seq1	Cruciform	Cruciform forming IRs	1131	1156	26	CATTCACATTGCCTTTTCTGTGAATG	1.0	+	Cruciform_detection	0.292	CRU_2								CATTCACA	TGTGAATG	TTGCCTTTTC	8.0	10.0	8.0	38.46	37.5	37.5	40.0	1.0	0.875	-5.838																									
seq1_CRV_TRACT_1332	seq1	Curved_DNA	Local Curvature	1332	1340	9	TTTTTTTTT	2.18	+	Curved_DNA_detection	0.6	CRV_TRACT_2	T-tract	9.0	0.0	100.0																																									
seq1_G4_WEAK_1485	seq1	G-Quadruplex	Two-tetrad weak PQS	1485	1499	15	GGCTGGGGGTGGTGG	1.47	+	Seeded_G4Hunter	0.7333	G4_WEAK																																													
seq1_G4_WEAK_1525	seq1	G-Quadruplex	Two-tetrad weak PQS	1525	1543	19	GGGAGGCCGAGGCGGACGG	1.26	+	Seeded_G4Hunter	0.6316	G4_WEAK																																													
seq1_G4_WEAK_1660	seq1	G-Quadruplex	Two-tetrad weak PQS	1660	1674	15	GGAGGCTGAGGCAGG	1.2	+	Seeded_G4Hunter	0.6	G4_WEAK																																													
seq1_G4_WEAK_1692	seq1	G-Quadruplex	Two-tetrad weak PQS	1692	1709	18	GGGAGGCAGAGGTTGTGG	1.22	+	Seeded_G4Hunter	0.6111	G4_WEAK																																													
seq1_CRV_TRACT_1762	seq1	Curved_DNA	Local Curvature	1762	1778	17	AAAAAAAAAAAAAAAAA	2.5	+	Curved_DNA_detection	0.739	CRV_TRACT_3	A-tract	17.0	0.0	100.0																																									
seq1_CRV_APR_1805	seq1	Curved_DNA	Global Curvature	1805	1844	40	CCTCATCCTATATTATGTCAAACATACTGAAATGCAGTAA	1.51	+	Curved_DNA_detection	0.318	CRV_APR_1			32.5	67.5																	['AAA', 'AAA']	[]	2.0	0.0	[3, 3]	[]	[1814.0, 1824.0, 1834.5]																		
seq1_CRV_TRACT_1947	seq1	Curved_DNA	Local Curvature	1947	1954	8	AAAAAAAA	2.11	+	Curved_DNA_detection	0.571	CRV_TRACT_4	A-tract	8.0	0.0	100.0																																									
seq1_CRV_TRACT_1955	seq1	Curved_DNA	Local Curvature	1955	1962	8	TTTTTTTT	2.11	+	Curved_DNA_detection	0.571	CRV_TRACT_5	T-tract	8.0	0.0	100.0																																									
seq1_CRV_TRACT_2113	seq1	Curved_DNA	Local Curvature	2113	2119	7	TTTTTTT	2.03	+	Curved_DNA_detection	0.538	CRV_TRACT_6	T-tract	7.0	0.0	100.0																																									
seq1_G4_WEAK_2373	seq1	G-Quadruplex	Two-tetrad weak PQS	2373	2391	19	GGTTAATGGTGGAAGTGGG	1.05	+	Seeded_G4Hunter	0.5263	G4_WEAK																																													
seq1_RLOOP_2541	seq1	R-Loop	R-loop formation sites	2541	2555	15	CCCCTAGTTCTCCCC	1.73	-	QmRLFS_detection	0.6																																														
seq1_CRV_TRACT_2694	seq1	Curved_DNA	Local Curvature	2694	2701	8	AAAAAAAA	2.11	+	Curved_DNA_detection	0.571	CRV_TRACT_7	A-tract	8.0	0.0	100.0																																									
seq1_G4_WEAK_2773	seq1	G-Quadruplex	Two-tetrad weak PQS	2773	2791	19	GGGAGGGCGAGGCAGGTGG	1.37	+	Seeded_G4Hunter	0.6842	G4_WEAK																																													
seq1_CRV_TRACT_2898	seq1	Curved_DNA	Local Curvature	2898	2913	16	AAAAAAAAAAAAAAAA	2.48	+	Curved_DNA_detection	0.727	CRV_TRACT_8	A-tract	16.0	0.0	100.0																																									
seq1_G4_WEAK_3074	seq1	G-Quadruplex	Two-tetrad weak PQS	3074	3093	20	GGTCAGAGGAGGGAAACAGG	1.0	+	Seeded_G4Hunter	0.5	G4_WEAK																																													
seq1_HYBRID_3074	seq1	Hybrid	G-Quadruplex_Curved_DNA_Overlap	3074	3119	45	GGTCAGAGGAGGGAAACAGGCCATAAACAAGTGTCAAACAAAAGAC	2.5	+	Hybrid_Detection	0.75								['G-Quadruplex', 'Curved_DNA']																																						
seq1_CRV_APR_3078	seq1	Curved_DNA	Global Curvature	3078	3119	42	AGAGGAGGGAAACAGGCCATAAACAAGTGTCAAACAAAAGAC	3.0	+	Curved_DNA_detection	1.0	CRV_APR_2			42.86	57.14																	['AAA', 'AAA', 'AAA', 'AAAA']	[]	4.0	0.0	[3, 3, 3, 4]	[]	[3087.0, 3098.0, 3109.0]																		
seq1_G4_WEAK_3163	seq1	G-Quadruplex	Two-tetrad weak PQS	3163	3181	19	GGGAGGCCAAGGCAGGCGG	1.16	+	Seeded_G4Hunter	0.5789	G4_WEAK																																													
seq1_CLUSTER_3163	seq1	Non-B_DNA_Clusters	Mixed_Cluster_3_classes	3163	3461	298	GGGAGGCCAAGGCAGGCGGATCATGAGATCAGGAGATCGAGACCATCCTAGCCAACATGGTGAAACCCCATCTCTACTAAAAATACAAAAAAATTAGCTGGGCATGGTGGCACGTGCCTGTAATCCCAGCTACTCCGGAAGCTGAGGCAGGAGAATTGCTTGAACCAGGGAGTTGGAGGTTGCAGTGAGCCTGGATTATGCCACTGCACTCCAGCCTGGTGACAGAGCGAGACTCCATCTACATTAAAAAAAAAAATATATATATATATATATACACACACACACACACACACACACAC	3.0	+	Cluster_Detection	1.045						4.0	3.0	['Curved_DNA', 'G-Quadruplex', 'Slipped_DNA']																																						
seq1_CRV_TRACT_3249	seq1	Curved_DNA	Local Curvature	3249	3255	7	AAAAAAA	2.03	+	Curved_DNA_detection	0.538	CRV_TRACT_9	A-tract	7.0	0.0	100.0																																									
seq1_CRV_TRACT_3408	seq1	Curved_DNA	Local Curvature	3408	3418	11	AAAAAAAAAAA	2.29	+	Curved_DNA_detection	0.647	CRV_TRACT_10	A-tract	11.0	0.0	100.0																																									
seq1_SLIPPED_3436	seq1	Slipped_DNA	STR	3436	3461	26	ACACACACACACACACACACACACAC	3.0	+	Slipped_DNA_detection	2.416	SLIPPED_1																												AC	2.0	13.0	1.0	2.416													
seq1_SLIPPED_3728	seq1	Slipped_DNA	STR	3728	3763	36	ATAGATATAGATATAGATATAGATATAGATATAGAT	3.0	+	Slipped_DNA_detection	2.52	SLIPPED_2																												ATAGAT	6.0	6.0	1.0	2.52													
seq1_SLIPPED_3766	seq1	Slipped_DNA	STR	3766	3795	30	ATATACATATACATATACATATACATATAC	3.0	+	Slipped_DNA_detection	2.482	SLIPPED_3																												ATATAC	6.0	5.0	1.0	2.482													
seq1_SLIPPED_3796	seq1	Slipped_DNA	STR	3796	3819	24	ATATATATATATATATATATATAT	3.0	+	Slipped_DNA_detection	2.357	SLIPPED_4																												AT	2.0	12.0	1.0	2.357													
seq1_CRU_3796	seq1	Cruciform	Cruciform forming IRs	3796	3819	24	ATATATATATATATATATATATAT	1.0	+	Cruciform_detection	0.257	CRU_3								ATATATATATA	TATATATATAT	TA	11.0	2.0	11.0	0.0	0.0	0.0	0.0	1.0	0.9091	-5.134																									
seq1_CRV_TRACT_4267	seq1	Curved_DNA	Local Curvature	4267	4283	17	TTTTTTTTTTTTTTTTT	2.5	+	Curved_DNA_detection	0.739	CRV_TRACT_11	T-tract	17.0	0.0	100.0																																									
seq1_G4_WEAK_4812	seq1	G-Quadruplex	Two-tetrad weak PQS	4812	4831	20	GGTTGGGAGGCTGAGGTGGG	1.3	+	Seeded_G4Hunter	0.65	G4_WEAK																																													
seq1_CRV_TRACT_5348	seq1	Curved_DNA	Local Curvature	5348	5355	8	TTTTTTTT	2.11	+	Curved_DNA_detection	0.571	CRV_TRACT_12	T-tract	8.0	0.0	100.0																																									
seq1_G4_WEAK_5513	seq1	G-Quadruplex	Two-tetrad weak PQS	5513	5527	15	GGAGGCTGAGGCAGG	1.2	+	Seeded_G4Hunter	0.6	G4_WEAK																																													
seq1_SLIPPED_5627	seq1	Slipped_DNA	STR	5627	5665	39	AATAATAATAATAATAATAATAATAATAATAATAATAAT	3.0	+	Slipped_DNA_detection	2.464	SLIPPED_5																												AAT	3.0	13.0	1.0	2.464													
seq1_G4_WEAK_5667	seq1	G-Quadruplex	Two-tetrad weak PQS	5667	5682	16	GGGCTGGGTGTGGTGG	1.38	+	Seeded_G4Hunter	0.6875	G4_WEAK																																													
seq1_G4_WEAK_5708	seq1	G-Quadruplex	Two-tetrad weak PQS	5708	5722	15	GGGAGGCCAAGGTGG	1.2	+	Seeded_G4Hunter	0.6	G4_WEAK																																													
seq1_G4_WEAK_5805	seq1	G-Quadruplex	Two-tetrad weak PQS	5805	5820	16	GGGAGGCCGAGGTGGG	1.38	+	Seeded_G4Hunter	0.6875	G4_WEAK																																													
seq1_CLUSTER_5805	seq1	Non-B_DNA_Clusters	Mixed_Cluster_5_classes	5805	6129	324	GGGAGGCCGAGGTGGGCAGATCACCTGAGGTCAGGAGTTTGAGACCAGCCTGGCCAACACGGAGAAACGCTGCCTCTATCAAAAATACAAAAATTAGCTGGATGTGGTGGTGCATGCTATAATCCCAGTAATACCAGCTACTCGGAAGGCTGAGGCAGGAGAATCACTCGAATCCGGGACACGGAGGTTGCAGTGAGCCGACATCATGCCACTGCGCTCCAGCCTGGGTGACAGTGAGACTCTGTCTCAGAAAAAAAAAAAAAAAAAAAAAAAAAAAAAAAAAATATATATATATATATATATATATATATATATATATATATAT	3.0	+	Cluster_Detection	1.018						6.0	5.0	['Curved_DNA', 'G-Quadruplex', 'Slipped_DNA', 'Cruciform', 'Triplex']																																						
seq1_G4_WEAK_5948	seq1	G-Quadruplex	Two-tetrad weak PQS	5948	5963	16	GGAAGGCTGAGGCAGG	1.12	+	Seeded_G4Hunter	0.5625	G4_WEAK																																													
seq1_CRV_TRACT_6055	seq1	Curved_DNA	Local Curvature	6055	6088	34	AAAAAAAAAAAAAAAAAAAAAAAAAAAAAAAAAA	2.76	+	Curved_DNA_detection	0.85	CRV_TRACT_13	A-tract	34.0	0.0	100.0																																									
seq1_TRX_6055	seq1	Triplex	Triplex_Motif	6055	6088	34	AAAAAAAAAAAAAAAAAAAAAAAAAAAAAAAAAA	3.0	+	Triplex_seed_mirror_detection	1.0	TRX_MIRROR																																													
seq1_CLUSTER_6055	seq1	Non-B_DNA_Clusters	Mixed_Cluster_4_classes	6055	6176	121	AAAAAAAAAAAAAAAAAAAAAAAAAAAAAAAAAATATATATATATATATATATATATATATATATATATATATATGTGTGTATATATATATATATACACATATATATGTGTATATATATATA	3.0	+	Cluster_Detection	1.102						5.0	4.0	['Cruciform', 'Slipped_DNA', 'Curved_DNA', 'Triplex']																																						
seq1_SLIPPED_6088	seq1	Slipped_DNA	STR	6088	6127	40	ATATATATATATATATATATATATATATATATATATATAT	3.0	+	Slipped_DNA_detection	2.417	SLIPPED_6																												AT	2.0	20.0	1.0	2.417													
seq1_CRU_6088	seq1	Cruciform	Cruciform forming IRs	6088	6129	42	ATATATATATATATATATATATATATATATATATATATATAT	1.41	+	Cruciform_detection	0.593	CRU_4								ATATATATATATATATATAT	ATATATATATATATATATAT	AT	20.0	2.0	20.0	0.0	0.0	0.0	0.0	1.0	0.95	-11.854																									
seq1_CRU_6139	seq1	Cruciform	Cruciform forming IRs	6139	6176	38	TATATATATATACACATATATATGTGTATATATATATA	1.66	+	Cruciform_detection	0.648	CRU_5								TATATATATATACACATA	TATGTGTATATATATATA	TA	18.0	2.0	18.0	10.53	11.11	11.11	0.0	1.0	0.9444	-12.954																									
seq1_G4_EXT_6744	seq1	G-Quadruplex	Extended-loop canonical	6744	6779	36	GGGGCTTTCAAGGGACAAGTATGGGGGTTGAAGGGG	1.61	+	Seeded_G4Hunter	0.8064	G4_EXT																																													
seq1_RLOOP_6766	seq1	R-Loop	R-loop formation sites	6766	8379	1614	GGGGGTTGAAGGGGTCACTGTCCCTATACCAAATCCGAAAATATTGTGACCAGGAACCATTCTGTCCAACTCTTCTATTTCAGGTGGCAAAGCAAAGCTATATTCAAGACCACATGCAAAGCTACTCCCTGAGCAAAGAGTCACAGATAAAACGGGGGCACCAGTAGAATGGCCAGGACAAACGCAGTGCAGCACAGAGACTCAGACCCTGGCAGCCATGCCTGCGCAGGCAGTGATGAGAGTGACATGTACTGTTGTGGACATGCACAAAAGTGAGGTGAGTCGCAGGACAGAAGAGTGCTTTTTGTTTCAGCAGAGCAGCCTGGGGAGAGATAAAAGCTACTCCTGGGGCCTGGGCCTGCATTCCTGAGATGTGGGTAAGAGGGGCCCAGGGTCAGAGTGTCTGGCAAGCTTGGCTCTGCCCCTTTGCTGTCCTGGAGACTAGGGCTAATCCTGGGCTCAGGGAGTGGCCTCCCCATGGTTAGGATACAAGTGCTCATCAAGGGCCACCCCTAGGAAGGACCAATTTTCCTATCAGAAGCTTCTAAGTTATCCTCCTTTGGCCCAAAGGGACACCTCAAGCCTACTCTGAGGAACTCTTTCCAATGAACTAATTCCTACAGTCACTTCCCCAGCAACCTGTGCCTCAGCCTCAAGGCACTGTGGGGTAGGCCTCAGTTTGTGGCCTGGACATCGGACTGTGGACCAGACGACTCCTCCCGATTTCTGTTTGTTTTCAGTCCTCTGACCCCAAGCTGGCTGGTGAAGTAGGTAGAGGGAGGAGACTTTGGTGCATGCATACACACACACACACACACACACACACACACACACACACACACACACACACACACGTCTCCTGTGCCCCCCAGTCTCCATGGCTGGTCAATGATTGACTGGCATTTCACAGGCCGCTGGTTGCAGCCCCAGCCTGTTGACTTAGAGGTCACCCTCGGAAGCTAGAGCCCTGTCCTGCCTCTTCAGTGTCAGTGGTCACTCCACTGCCCACAGGCTGGGGTCTTGGGCAAAACACACGCATCTGCCCTGATCTGAGTTTGCTGCCCTCTGTCCCGCAGTCAGCCCCACTCTGTTCCCACTCCCTCTCCCCAGCCCCCTAGCTAGACCCCTCTCACCAGCACCCCTTTCCCTTCCCTGAGGGTCCCCCTCGCTGTCTTTGTCCCTCAGACATCCTCTTTCCTGGGCTCTCCTGCCAGGCCCTGCTGGAGGGACAGTTAAGGAGGAAATCGAATCAGCAGCGCCCACCCCTGCCCCCCTTCCTCTCCTCTTGTCAGACACCAGACGAGGTTTTTTCCTCTGGCTTCCCAGCTCTGAATGGGCTCATTCTTTTTCAGAGGCTCGGCCCCTCTCGAGCCTCCTCCCCAGGGCGTGAGTTCTGACCCCAGCTCCTCCCCCCATCCCCACTCCAGCCCCCTCTCCAGCTTGCTCCACCCTCTCTACCGCCCACCGGGACTGGGCATTGTCTGCCAGTCCGGGTTTCTTCCTGGGATTTGGGATGCAGAGAGGATGGGTTTGCTTGGGCGGGGGGGTGGAGAGTGAAGGGGGGAAGCAGGATCTTTGTAGAGGGAGGGACCTACAGTTACCTGGACTTCTTTC	3.0	+	QmRLFS_detection	1.0																																														
seq1_G4_TRX_7141	seq1	G-Quadruplex	Intramolecular G-triplex	7141	7159	19	GGGTAAGAGGGGCCCAGGG	1.16	+	Seeded_G4Hunter	0.5789	G4_TRX																																													
seq1_G4_WEAK_7449	seq1	G-Quadruplex	Two-tetrad weak PQS	7449	7469	21	GGCCTGGACATCGGACTGTGG	1.0	+	Seeded_G4Hunter	0.4286	G4_WEAK																																													
seq1_G4_WEAK_7523	seq1	G-Quadruplex	Two-tetrad weak PQS	7523	7544	22	GGCTGGTGAAGTAGGTAGAGGG	1.09	+	Seeded_G4Hunter	0.5455	G4_WEAK																																													
seq1_SLIPPED_7566	seq1	Slipped_DNA	STR	7566	7619	54	ACACACACACACACACACACACACACACACACACACACACACACACACACACAC	3.0	+	Slipped_DNA_detection	2.502	SLIPPED_7																												AC	2.0	27.0	1.0	2.502													
seq1_IMOT_7858	seq1	i-Motif	Canonical i-motif	7858	7880	23	CCCACTCCCTCTCCCCAGCCCCC	2.7	+	i-Motif_detection	0.892	IMOT_1												2.6666666666666665	3.75	78.26																			['CCC', 'CCC', 'CCCC', 'CCCCC']	['ACT', 'TCT', 'AG']	4.0	3.0	[3, 3, 4, 5]	[3, 3, 2]	100.0						
seq1_IMOT_7904	seq1	i-Motif	Canonical i-motif	7904	7930	27	CCCCTTTCCCTTCCCTGAGGGTCCCCC	2.37	+	i-Motif_detection	0.796	IMOT_2												4.0	3.75	70.37																			['CCCC', 'CCC', 'CCC', 'CCCCC']	['TTT', 'TT', 'TGAGGGT']	4.0	3.0	[4, 3, 3, 5]	[3, 2, 7]	100.0						
seq1_CRU_8117	seq1	Cruciform	Cruciform forming IRs	8117	8140	24	GAGGCTCGGCCCCTCTCGAGCCTC	1.0	+	Cruciform_detection	0.421	CRU_6								GAGGCTCG	CGAGCCTC	GCCCCTCT	8.0	8.0	8.0	75.0	75.0	75.0	75.0	1.0	0.875	-8.412																									
seq1_CLUSTER_8117	seq1	Non-B_DNA_Clusters	Mixed_Cluster_4_classes	8117	8429	312	GAGGCTCGGCCCCTCTCGAGCCTCCTCCCCAGGGCGTGAGTTCTGACCCCAGCTCCTCCCCCCATCCCCACTCCAGCCCCCTCTCCAGCTTGCTCCACCCTCTCTACCGCCCACCGGGACTGGGCATTGTCTGCCAGTCCGGGTTTCTTCCTGGGATTTGGGATGCAGAGAGGATGGGTTTGCTTGGGCGGGGGGGTGGAGAGTGAAGGGGGGAAGCAGGATCTTTGTAGAGGGAGGGACCTACAGTTACCTGGACTTCTTTCCTCTGTCTCCCCTCTTGGTACCCTTGACTGGGGCTCTTGAGGGTAATGGG	2.38	+	Cluster_Detection	0.713						5.0	4.0	['Cruciform', 'i-Motif', 'G-Quadruplex', 'R-Loop']																																						
seq1_IMOT_8163	seq1	i-Motif	Canonical i-motif	8163	8197	35	CCCCAGCTCCTCCCCCCATCCCCACTCCAGCCCCC	3.0	+	i-Motif_detection	1.0	IMOT_3												2.4	3.8333333333333335	77.14																			['CCCC', 'CC', 'CCCCCC', 'CCCC', 'CC', 'CCCCC']	['AGCT', 'T', 'AT', 'ACT', 'AG']	6.0	5.0	[4, 2, 6, 4, 2, 5]	[4, 1, 2, 3, 2]	100.0						
seq1_CLUSTER_8163	seq1	Non-B_DNA_Clusters	Mixed_Cluster_3_classes	8163	8429	266	CCCCAGCTCCTCCCCCCATCCCCACTCCAGCCCCCTCTCCAGCTTGCTCCACCCTCTCTACCGCCCACCGGGACTGGGCATTGTCTGCCAGTCCGGGTTTCTTCCTGGGATTTGGGATGCAGAGAGGATGGGTTTGCTTGGGCGGGGGGGTGGAGAGTGAAGGGGGGAAGCAGGATCTTTGTAGAGGGAGGGACCTACAGTTACCTGGACTTCTTTCCTCTGTCTCCCCTCTTGGTACCCTTGACTGGGGCTCTTGAGGGTAATGGG	2.62	+	Cluster_Detection	0.786						4.0	3.0	['i-Motif', 'G-Quadruplex', 'R-Loop']																																						
seq1_G4_EXT_8292	seq1	G-Quadruplex	Extended-loop canonical	8292	8329	38	GGGTTTGCTTGGGCGGGGGGGTGGAGAGTGAAGGGGGG	3.0	+	Seeded_G4Hunter	1.0944	G4_EXT																																													
seq1_RLOOP_8409	seq1	R-Loop	R-loop formation sites	8409	8429	21	GGGGCTCTTGAGGGTAATGGG	1.45	+	QmRLFS_detection	0.524																																														
seq1_G4_TRX_8409	seq1	G-Quadruplex	Intramolecular G-triplex	8409	8429	21	GGGGCTCTTGAGGGTAATGGG	1.05	+	Seeded_G4Hunter	0.5238	G4_TRX																																													
seq1_G4_WEAK_8588	seq1	G-Quadruplex	Two-tetrad weak PQS	8588	8612	25	GGAACGTGGCTGTAGGTCAGAGTGG	1.0	+	Seeded_G4Hunter	0.48	G4_WEAK																																													
seq1_G4_WEAK_8690	seq1	G-Quadruplex	Two-tetrad weak PQS	8690	8717	28	GGGCAGGGGTGGGGCCTGGGGAGAAAGG	1.43	+	Seeded_G4Hunter	0.7168	G4_WEAK																																													
seq1_RLOOP_8695	seq1	R-Loop	R-loop formation sites	8695	8703	9	GGGGTGGGG	2.78	+	QmRLFS_detection	0.889																																														
seq1_G4_WEAK_8868	seq1	G-Quadruplex	Two-tetrad weak PQS	8868	8891	24	GGACTGAGAGGCAGGTTGACCAGG	1.0	+	Seeded_G4Hunter	0.4583	G4_WEAK																																													
seq1_RLOOP_8908	seq1	R-Loop	R-loop formation sites	8908	8924	17	GGGGTGAGAGTAAGGGG	1.9	+	QmRLFS_detection	0.647																																														
seq1_CLUSTER_8908	seq1	Non-B_DNA_Clusters	Mixed_Cluster_4_classes	8908	9222	314	GGGGTGAGAGTAAGGGGTCAGTTTTGATACATGCCCAACTTTTCTCTCTAGCCCTAAGACATCCTGGGCAAATTGCTTACCTCAGTTCCCCTGATCCTCACCCTAACCCTAACACCAGCTCAAGAGAAAATAGGGATATTGATGGCCATCCAGAAGGGCTGCTGTGTTCCATACACAGCAATATTTCTCGAATGTTTGTGACAGCGGTCCAAGGAATAAGTTAATTTTACATTATCACTCTGGATACCTGTACAAAACTCCACCTTATCCTTACTATATGAATGTGCTAGGGTTGTTTTTTTGTTTTGTTTTTTT	2.16	+	Cluster_Detection	0.647						4.0	4.0	['Cruciform', 'R-Loop', 'Curved_DNA', 'Triplex']																																						
seq1_CRU_9067	seq1	Cruciform	Cruciform forming IRs	9067	9087	21	TGCTGTGTTCCATACACAGCA	1.0	+	Cruciform_detection	0.402	CRU_7								TGCTGTGT	ACACAGCA	TCCAT	8.0	5.0	8.0	47.62	50.0	50.0	40.0	1.0	0.875	-8.034																									
seq1_CLUSTER_9067	seq1	Non-B_DNA_Clusters	Mixed_Cluster_3_classes	9067	9233	166	TGCTGTGTTCCATACACAGCAATATTTCTCGAATGTTTGTGACAGCGGTCCAAGGAATAAGTTAATTTTACATTATCACTCTGGATACCTGTACAAAACTCCACCTTATCCTTACTATATGAATGTGCTAGGGTTGTTTTTTTGTTTTGTTTTTTTTTTTTTTTTTT	2.24	+	Cluster_Detection	0.672						4.0	3.0	['Cruciform', 'Curved_DNA', 'Triplex']																																						
seq1_CRV_TRACT_9203	seq1	Curved_DNA	Local Curvature	9203	9209	7	TTTTTTT	2.03	+	Curved_DNA_detection	0.538	CRV_TRACT_14	T-tract	7.0	0.0	100.0																																									
seq1_TRX_9203	seq1	Triplex	Triplex_Motif	9203	9222	20	TTTTTTTGTTTTGTTTTTTT	3.0	+	Triplex_seed_mirror_detection	1.0	TRX_MIRROR																																													
seq1_CRV_TRACT_9216	seq1	Curved_DNA	Local Curvature	9216	9233	18	TTTTTTTTTTTTTTTTTT	2.53	+	Curved_DNA_detection	0.75	CRV_TRACT_15	T-tract	18.0	0.0	100.0																																									
seq1_CRV_TRACT_10122	seq1	Curved_DNA	Local Curvature	10122	10138	17	TTTTTTTTTTTTTTTTT	2.5	+	Curved_DNA_detection	0.739	CRV_TRACT_16	T-tract	17.0	0.0	100.0																																									
seq1_RLOOP_10190	seq1	R-Loop	R-loop formation sites	10190	12053	1864	AGCTCACTGCAAGCTCTGCCTCCCAGGTTCACGCCATTCTCCTGCCTCAGCCTCCTGAGTAGCTGGGACTACAGGCACCCGCCACCACACCTGGCTAATTTTTTGTATTTTTAGCAGAGACAGGGTTTCACCGTGTTAGCCAGGATGGTCTCGATCTCCTGACCTCGTGATCTGCCTGCCTCGGCCTCCCAAAGTGCTGGAATTACAGGTGTGAGCCACCGCGACTGGCCAGATTCAAGATTTGAACCCAGGTCCTCTTGGTCCCAGAGGCCCCTGTTTCTCAACTCCCTAGGATGGCATAGCAACCTGTCCCACAAGAGGTGCCTGCTTTAAGTGTGCTCAGCACATGGAAGCAAGTTTAGAAATGCAAGTGTATACCTGTAAAGAGGTGTGGGAGATGGGGGGGAGGGAAGAGAGAAAGAGATGCTGGTGTCCTTCATTCTCCAGTCCCTGATAGGTGCCTTTGATCCCTTCTTGACCAGTATAGCTGCATTCTTGGCTGGGGCATTCCAACTAGAACTGCCAAATTTAGCACATAAAAATAAGGAGGCCCAGTTAAATTTGAATTTCAGATAAACAATGAATAATTTGTTAGTATAAATATGTCCCATGCAATATCTTGTTGAAATTAAAAAAAAAAAAAAAAGTCTTCCTTCCATCCCCACCCCTACCACTAGGCCTAAGGAATAGGGTCAGGGGCTCCAAATAGAATGTGGTTGAGAAGTGGAATTAAGCAGGCTAATAGAAGGCAAGGGGCAAAGAAGAAACCTTGAATGCATTGGGTGCTGGGTGCCTCCTTAAATAAGCAAGAAGGGTGCATTTTGAAGAATTGAGATAGAAGTCTTTTTGGGCTGGGTGCAGTTGCTCGTGGTTGTAATTCCAGCACTTTGGGAGGCTGAGGCGGGAGGATCACCTGAGGTTGGGAGTTCAAGACCAGCCTCACCAACGTGGAGAAACCCTGTCTTTACTAAAAATACAAAAAATTAGCTGGTCATGGTGGCACATGCCTGTAATCCCAGCTGCTCGGGAGGCTGAGGCAGGAGAATCACTTGAACCAGGGAGGCAGAGGTTGTGGTGAGCAGAGATCGCGCCATTGCTCTCCAGCCTGGGCAACAAGAGCAAAAGTTCGTTTAAAAAAAAAAAAAAGTCCTTTCGATGTGACTGTCTCCTCCCAAATTTGTAGACCCTCTTAAGATCATGCTTTTCAGATACTTCAAAGATTCCAGAAGATATGCCCCGGGGGTCCTGGAAGCCACAAGGTAAACACAACACATCCCCCTCCTTGACTATCAATTTTACTAGAGGATGTGGTGGGAAAACCATTATTTGATATTAAAACAAATAGGCTTGGGATGGAGTAGGATGCAAGCTCCCCAGGAAAGTTTAAGATAAAACCTGAGACTTAAAAGGGTGTTAAGAGTGGCAGCCTAGGGAATTTATCCCGGACTCCGGGGGAGGGGGCAGAGTCACCAGCCTCTGCATTTAGGGATTCTCCGAGGAAAAGTGTGAGAACGGCTGCAGGCAACCCAGGCGTCCCGGCGCTAGGAGGGACGCACCCAGGCCTGCGCGAAGAGAGGGAGAAAGTGAAGCTGGGAGTTGCCACTCCCAGACTTGTTGGAATGCAGTTGGAGGGGGCGAGCTGGGAGCGCGCTTGCTCCCAATCACAGGAGAAGGAGGAGGTGGAGGAGGAGGGCTGCTTGAGGAAGTATAAGAATGAAGTTGTGAAGCTGAGATTCCCCTCCATTGGGACCGGAGAAACCAGGGGAGCCCCCCGGGCAGCCGCGCGCCCCTTCCCACGGGGCCCTTTACTGCGCCGCGCGCCCGGCCCCCACCCCTCGCAGCACCCCGCGCCCCGCGCCCTCCC	3.0	-	QmRLFS_detection	1.0																																														
seq1_G4_CAN_10582	seq1	G-Quadruplex	Canonical intramolecular G4	10582	10599	18	GGGAGATGGGGGGGAGGG	1.56	+	Seeded_G4Hunter	0.7778	G4_CAN																																													
seq1_CRV_TRACT_10820	seq1	Curved_DNA	Local Curvature	10820	10835	16	AAAAAAAAAAAAAAAA	2.48	+	Curved_DNA_detection	0.727	CRV_TRACT_17	A-tract	16.0	0.0	100.0																																									
seq1_G4_WEAK_10866	seq1	G-Quadruplex	Two-tetrad weak PQS	10866	10888	23	GGCCTAAGGAATAGGGTCAGGGG	1.0	+	Seeded_G4Hunter	0.4783	G4_WEAK																																													
seq1_G4_WEAK_11079	seq1	G-Quadruplex	Two-tetrad weak PQS	11079	11097	19	GGGAGGCTGAGGCGGGAGG	1.37	+	Seeded_G4Hunter	0.6842	G4_WEAK																																													
seq1_G4_WEAK_11215	seq1	G-Quadruplex	Two-tetrad weak PQS	11215	11230	16	GGGAGGCTGAGGCAGG	1.25	+	Seeded_G4Hunter	0.625	G4_WEAK																																													
seq1_CLUSTER_11215	seq1	Non-B_DNA_Clusters	Mixed_Cluster_3_classes	11215	11433	218	GGGAGGCTGAGGCAGGAGAATCACTTGAACCAGGGAGGCAGAGGTTGTGGTGAGCAGAGATCGCGCCATTGCTCTCCAGCCTGGGCAACAAGAGCAAAAGTTCGTTTAAAAAAAAAAAAAAGTCCTTTCGATGTGACTGTCTCCTCCCAAATTTGTAGACCCTCTTAAGATCATGCTTTTCAGATACTTCAAAGATTCCAGAAGATATGCCCCGGGGGT	3.0	+	Cluster_Detection	1.283						4.0	3.0	['Curved_DNA', 'G-Quadruplex', 'A-philic_DNA']																																						
seq1_G4_WEAK_11247	seq1	G-Quadruplex	Two-tetrad weak PQS	11247	11264	18	GGGAGGCAGAGGTTGTGG	1.22	+	Seeded_G4Hunter	0.6111	G4_WEAK																																													
seq1_CRV_TRACT_11322	seq1	Curved_DNA	Local Curvature	11322	11335	14	AAAAAAAAAAAAAA	2.41	+	Curved_DNA_detection	0.7	CRV_TRACT_18	A-tract	14.0	0.0	100.0																																									
seq1_APHIL_11423	seq1	A-philic_DNA	A-philic DNA	11423	11433	11	GCCCCGGGGGT	3.0	+	A-philic_detection	3.197	APHIL_1																																													
seq1_G4_WEAK_11534	seq1	G-Quadruplex	Two-tetrad weak PQS	11534	11551	18	GGCTTGGGATGGAGTAGG	1.11	+	Seeded_G4Hunter	0.5556	G4_WEAK																																													
seq1_G4_WEAK_11633	seq1	G-Quadruplex	Two-tetrad weak PQS	11633	11650	18	GGACTCCGGGGGAGGGGG	1.33	+	Seeded_G4Hunter	0.6667	G4_WEAK																																													
seq1_G4_WEAK_11719	seq1	G-Quadruplex	Two-tetrad weak PQS	11719	11739	21	GGCGTCCCGGCGCTAGGAGGG	1.05	+	Seeded_G4Hunter	0.5238	G4_WEAK																																													
seq1_CRU_11779	seq1	Cruciform	Cruciform forming IRs	11779	11798	20	CTGGGAGTTGCCACTCCCAG	1.0	+	Cruciform_detection	0.392	CRU_8								CTGGGAGT	ACTCCCAG	TGCC	8.0	4.0	8.0	65.0	62.5	62.5	75.0	1.0	0.875	-7.848																									
seq1_CLUSTER_11779	seq1	Non-B_DNA_Clusters	Mixed_Cluster_5_classes	11779	12083	304	CTGGGAGTTGCCACTCCCAGACTTGTTGGAATGCAGTTGGAGGGGGCGAGCTGGGAGCGCGCTTGCTCCCAATCACAGGAGAAGGAGGAGGTGGAGGAGGAGGGCTGCTTGAGGAAGTATAAGAATGAAGTTGTGAAGCTGAGATTCCCCTCCATTGGGACCGGAGAAACCAGGGGAGCCCCCCGGGCAGCCGCGCGCCCCTTCCCACGGGGCCCTTTACTGCGCCGCGCGCCCGGCCCCCACCCCTCGCAGCACCCCGCGCCCCGCGCCCTCCCAGCCGGGTCCAGCCGGAGCCATGGGGCCGG	3.0	+	Cluster_Detection	24.123						7.0	5.0	['i-Motif', 'G-Quadruplex', 'Z-DNA', 'Cruciform', 'A-philic_DNA']																																						
seq1_G4_WEAK_11817	seq1	G-Quadruplex	Two-tetrad weak PQS	11817	11833	17	GGAGGGGGCGAGCTGGG	1.41	+	Seeded_G4Hunter	0.7059	G4_WEAK																																													
seq1_G4_WEAK_11856	seq1	G-Quadruplex	Two-tetrad weak PQS	11856	11882	27	GGAGAAGGAGGAGGTGGAGGAGGAGGG	1.38	+	Seeded_G4Hunter	0.6912	G4_WEAK																																													
seq1_CLUSTER_11856	seq1	Non-B_DNA_Clusters	Mixed_Cluster_4_classes	11856	12083	227	GGAGAAGGAGGAGGTGGAGGAGGAGGGCTGCTTGAGGAAGTATAAGAATGAAGTTGTGAAGCTGAGATTCCCCTCCATTGGGACCGGAGAAACCAGGGGAGCCCCCCGGGCAGCCGCGCGCCCCTTCCCACGGGGCCCTTTACTGCGCCGCGCGCCCGGCCCCCACCCCTCGCAGCACCCCGCGCCCCGCGCCCTCCCAGCCGGGTCCAGCCGGAGCCATGGGGCCGG	3.0	+	Cluster_Detection	33.553						5.0	4.0	['i-Motif', 'Z-DNA', 'G-Quadruplex', 'A-philic_DNA']																																						
seq1_APHIL_11956	seq1	A-philic_DNA	A-philic DNA	11956	11966	11	GCCCCCCGGGC	3.0	+	A-philic_detection	3.419	APHIL_2																																													
seq1_CLUSTER_11956	seq1	Non-B_DNA_Clusters	Mixed_Cluster_6_classes	11956	13094	1138	GCCCCCCGGGCAGCCGCGCGCCCCTTCCCACGGGGCCCTTTACTGCGCCGCGCGCCCGGCCCCCACCCCTCGCAGCACCCCGCGCCCCGCGCCCTCCCAGCCGGGTCCAGCCGGAGCCATGGGGCCGGAGCCGCAGTGAGCACCATGGAGCTGGCGGCCTTGTGCCGCTGGGGGCTCCTCCTCGCCCTCTTGCCCCCCGGAGCCGCGAGCACCCAAGGTGGGTCTGGTGTGGGGAGGGGACGGAGCAGCGGCGGGACCCTGCCCTGTGGATGCCCCGCCGAGGTCCCGCGGCCGGCGGGGCCAGAGGGGCCCGGACGAGCTCTCCTATCCCGAAGTTGTGGACAGTCGAGACGCTCAGGGCAGCCGGGCCCTGGGGCCCTCGGGCGGGAGGGGGCAGTTACACGGCAGCGGCTCGAGATGGCCCATCCAAGAGACTGGCGCTTTCCAGGCTCCGAGGGGCTCCGGGAACTTGTCAAAGAAGTTCTCTGAAATTGTTCAGAAAGTTTTCCCGCAAAGGGTGTATTGCGTAGAGCGCGCGCGCGCGTTTCCCCCCTTCTTGAGCCCCCTCAAGCTTTCTCAAAGCCTTTCCAGTTGGCAGCCTCCGCCTCCGGACTGGCCTGGGCTGGATTCCTTGGGGGGGTCCTCTGCCCTGCCCCTCCTCCAGCCCCTCCCCGCTCCCCTTCAGACGATTTTGGTTTGGTTGCTCCTGCTTCTGGCGGGGTCGGGTGTGTGTGTGTGTGGTGGAGTGGAGGGTGGCATAGCAACCTGTCCCAACCAGAGCCGGGGAGGAAAGGGTGGCCCGGAGGGTGGCCTCTTGCTGGGGTCTGGGTTGGGGGCGGGGGAGACGTTTGCTTTGAACAGATTCTTGGGGCCAGCTTAGGGACTGTGCTCTGTGACTTTTGGAGCGCGTGGACCATGGAGGGGTGGGGGTGGGTTTCTTGGGGTGTAAAGTGGGAGAGTTCCCAGAGAAGGAAGCTAAGAAATAAGGCCAGATGGGAGCCTAGGGAGGGCTGCGTTGTTCTGCTGCCTTTTCCTTGGTGCTGTGCGTGGGGAAGGGTGAGTGGGGGCAGTGTGTATCCTGACCCATCTGTCCACCTGTGTGCATTAATCATAAAAGCTAACATATAGCCTGGGCCAGG	3.0	+	Cluster_Detection	21.255						8.0	6.0	['i-Motif', 'G-Quadruplex', 'Z-DNA', 'Cruciform', 'R-Loop', 'A-philic_DNA']																																						
seq1_ZDNA_11999	seq1	Z-DNA	Z-DNA	11999	12010	12	TGCGCCGCGCGC	1.63	+	Z-DNA_detection	162.25	ZDNA_1			91.67																																					3.0	54.083333	9.0	0.0	3.0	0.0
seq1_IMOT_12033	seq1	i-Motif	Canonical i-motif	12033	12053	21	CCCCGCGCCCCGCGCCCTCCC	2.75	+	i-Motif_detection	0.907	IMOT_4												2.3333333333333335	3.5	95.24																			['CCCC', 'CCCC', 'CCC', 'CCC']	['GCG', 'GCG', 'T']	4.0	3.0	[4, 4, 3, 3]	[3, 3, 1]	100.0						
seq1_G4_WEAK_12058	seq1	G-Quadruplex	Two-tetrad weak PQS	12058	12083	26	GGGTCCAGCCGGAGCCATGGGGCCGG	1.0	+	Seeded_G4Hunter	0.4992	G4_WEAK																																													
seq1_G4_WEAK_12172	seq1	G-Quadruplex	Two-tetrad weak PQS	12172	12198	27	GGTGGGTCTGGTGTGGGGAGGGGACGG	1.38	+	Seeded_G4Hunter	0.6912	G4_WEAK																																													
seq1_HYBRID_12172	seq1	Hybrid	G-Quadruplex_R-Loop_Overlap	12172	13094	922	GGTGGGTCTGGTGTGGGGAGGGGACGGAGCAGCGGCGGGACCCTGCCCTGTGGATGCCCCGCCGAGGTCCCGCGGCCGGCGGGGCCAGAGGGGCCCGGACGAGCTCTCCTATCCCGAAGTTGTGGACAGTCGAGACGCTCAGGGCAGCCGGGCCCTGGGGCCCTCGGGCGGGAGGGGGCAGTTACACGGCAGCGGCTCGAGATGGCCCATCCAAGAGACTGGCGCTTTCCAGGCTCCGAGGGGCTCCGGGAACTTGTCAAAGAAGTTCTCTGAAATTGTTCAGAAAGTTTTCCCGCAAAGGGTGTATTGCGTAGAGCGCGCGCGCGCGTTTCCCCCCTTCTTGAGCCCCCTCAAGCTTTCTCAAAGCCTTTCCAGTTGGCAGCCTCCGCCTCCGGACTGGCCTGGGCTGGATTCCTTGGGGGGGTCCTCTGCCCTGCCCCTCCTCCAGCCCCTCCCCGCTCCCCTTCAGACGATTTTGGTTTGGTTGCTCCTGCTTCTGGCGGGGTCGGGTGTGTGTGTGTGTGGTGGAGTGGAGGGTGGCATAGCAACCTGTCCCAACCAGAGCCGGGGAGGAAAGGGTGGCCCGGAGGGTGGCCTCTTGCTGGGGTCTGGGTTGGGGGCGGGGGAGACGTTTGCTTTGAACAGATTCTTGGGGCCAGCTTAGGGACTGTGCTCTGTGACTTTTGGAGCGCGTGGACCATGGAGGGGTGGGGGTGGGTTTCTTGGGGTGTAAAGTGGGAGAGTTCCCAGAGAAGGAAGCTAAGAAATAAGGCCAGATGGGAGCCTAGGGAGGGCTGCGTTGTTCTGCTGCCTTTTCCTTGGTGCTGTGCGTGGGGAAGGGTGAGTGGGGGCAGTGTGTATCCTGACCCATCTGTCCACCTGTGTGCATTAATCATAAAAGCTAACATATAGCCTGGGCCAGG	2.82	+	Hybrid_Detection	0.846								['G-Quadruplex', 'R-Loop']																																						
seq1_RLOOP_12175	seq1	R-Loop	R-loop formation sites	12175	13094	920	GGGTCTGGTGTGGGGAGGGGACGGAGCAGCGGCGGGACCCTGCCCTGTGGATGCCCCGCCGAGGTCCCGCGGCCGGCGGGGCCAGAGGGGCCCGGACGAGCTCTCCTATCCCGAAGTTGTGGACAGTCGAGACGCTCAGGGCAGCCGGGCCCTGGGGCCCTCGGGCGGGAGGGGGCAGTTACACGGCAGCGGCTCGAGATGGCCCATCCAAGAGACTGGCGCTTTCCAGGCTCCGAGGGGCTCCGGGAACTTGTCAAAGAAGTTCTCTGAAATTGTTCAGAAAGTTTTCCCGCAAAGGGTGTATTGCGTAGAGCGCGCGCGCGCGTTTCCCCCCTTCTTGAGCCCCCTCAAGCTTTCTCAAAGCCTTTCCAGTTGGCAGCCTCCGCCTCCGGACTGGCCTGGGCTGGATTCCTTGGGGGGGTCCTCTGCCCTGCCCCTCCTCCAGCCCCTCCCCGCTCCCCTTCAGACGATTTTGGTTTGGTTGCTCCTGCTTCTGGCGGGGTCGGGTGTGTGTGTGTGTGGTGGAGTGGAGGGTGGCATAGCAACCTGTCCCAACCAGAGCCGGGGAGGAAAGGGTGGCCCGGAGGGTGGCCTCTTGCTGGGGTCTGGGTTGGGGGCGGGGGAGACGTTTGCTTTGAACAGATTCTTGGGGCCAGCTTAGGGACTGTGCTCTGTGACTTTTGGAGCGCGTGGACCATGGAGGGGTGGGGGTGGGTTTCTTGGGGTGTAAAGTGGGAGAGTTCCCAGAGAAGGAAGCTAAGAAATAAGGCCAGATGGGAGCCTAGGGAGGGCTGCGTTGTTCTGCTGCCTTTTCCTTGGTGCTGTGCGTGGGGAAGGGTGAGTGGGGGCAGTGTGTATCCTGACCCATCTGTCCACCTGTGTGCATTAATCATAAAAGCTAACATATAGCCTGGGCCAGG	3.0	+	QmRLFS_detection	1.0																																														
seq1_CRU_12227	seq1	Cruciform	Cruciform forming IRs	12227	12256	30	GCCCCGCCGAGGTCCCGCGGCCGGCGGGGC	1.65	+	Cruciform_detection	0.647	CRU_9								GCCCCGCCG	CGGCGGGGC	AGGTCCCGCGGC	9.0	12.0	9.0	93.33	100.0	100.0	83.33	1.0	0.8889	-12.939																									
seq1_HYBRID_12227	seq1	Hybrid	Cruciform_G-Quadruplex_Overlap	12227	12264	37	GCCCCGCCGAGGTCCCGCGGCCGGCGGGGCCAGAGGGG	2.12	+	Hybrid_Detection	0.637								['Cruciform', 'G-Quadruplex']																																						
seq1_CLUSTER_12227	seq1	Non-B_DNA_Clusters	Mixed_Cluster_4_classes	12227	12501	274	GCCCCGCCGAGGTCCCGCGGCCGGCGGGGCCAGAGGGGCCCGGACGAGCTCTCCTATCCCGAAGTTGTGGACAGTCGAGACGCTCAGGGCAGCCGGGCCCTGGGGCCCTCGGGCGGGAGGGGGCAGTTACACGGCAGCGGCTCGAGATGGCCCATCCAAGAGACTGGCGCTTTCCAGGCTCCGAGGGGCTCCGGGAACTTGTCAAAGAAGTTCTCTGAAATTGTTCAGAAAGTTTTCCCGCAAAGGGTGTATTGCGTAGAGCGCGCGCGCGCGTT	3.0	+	Cluster_Detection	83.883						5.0	4.0	['Cruciform', 'Z-DNA', 'G-Quadruplex', 'A-philic_DNA']																																						
seq1_G4_WEAK_12237	seq1	G-Quadruplex	Two-tetrad weak PQS	12237	12264	28	GGTCCCGCGGCCGGCGGGGCCAGAGGGG	1.25	+	Seeded_G4Hunter	0.6272	G4_WEAK																																													
seq1_CLUSTER_12237	seq1	Non-B_DNA_Clusters	Mixed_Cluster_3_classes	12237	12501	264	GGTCCCGCGGCCGGCGGGGCCAGAGGGGCCCGGACGAGCTCTCCTATCCCGAAGTTGTGGACAGTCGAGACGCTCAGGGCAGCCGGGCCCTGGGGCCCTCGGGCGGGAGGGGGCAGTTACACGGCAGCGGCTCGAGATGGCCCATCCAAGAGACTGGCGCTTTCCAGGCTCCGAGGGGCTCCGGGAACTTGTCAAAGAAGTTCTCTGAAATTGTTCAGAAAGTTTTCCCGCAAAGGGTGTATTGCGTAGAGCGCGCGCGCGCGTT	3.0	+	Cluster_Detection	104.693						4.0	3.0	['Z-DNA', 'G-Quadruplex', 'A-philic_DNA']																																						
seq1_APHIL_12260	seq1	A-philic_DNA	A-philic DNA	12260	12269	10	AGGGGCCCGG	3.0	+	A-philic_detection	1.755	APHIL_3																																													
seq1_G4_EXT_12313	seq1	G-Quadruplex	Extended-loop canonical	12313	12349	37	GGGCAGCCGGGCCCTGGGGCCCTCGGGCGGGAGGGGG	1.78	+	Seeded_G4Hunter	0.888	G4_EXT																																													
seq1_ZDNA_12486	seq1	Z-DNA	Z-DNA	12486	12501	16	AGCGCGCGCGCGCGTT	2.14	+	Z-DNA_detection	415.5	ZDNA_2			81.25																																					7.0	59.357143	12.0	0.0	2.0	0.0
seq1_G4_WEAK_12565	seq1	G-Quadruplex	Two-tetrad weak PQS	12565	12581	17	GGACTGGCCTGGGCTGG	1.06	+	Seeded_G4Hunter	0.5294	G4_WEAK																																													
seq1_G4_WEAK_12698	seq1	G-Quadruplex	Two-tetrad weak PQS	12698	12711	14	GGAGTGGAGGGTGG	1.43	+	Seeded_G4Hunter	0.7143	G4_WEAK																																													
seq1_G4_EXT_12738	seq1	G-Quadruplex	Extended-loop canonical	12738	12778	41	GGGGAGGAAAGGGTGGCCCGGAGGGTGGCCTCTTGCTGGGG	3.0	+	Seeded_G4Hunter	1.0496	G4_EXT																																													
seq1_G4_WEAK_12787	seq1	G-Quadruplex	Two-tetrad weak PQS	12787	12797	11	GGGGGCGGGGG	1.82	+	Seeded_G4Hunter	0.9091	G4_WEAK																																													
seq1_G4_EXT_12876	seq1	G-Quadruplex	Extended-loop canonical	12876	12910	35	GGGGTGGGGGTGGGTTTCTTGGGGTGTAAAGTGGG	1.79	+	Seeded_G4Hunter	0.896	G4_EXT																																													
seq1_G4_TRX_12950	seq1	G-Quadruplex	Intramolecular G-triplex	12950	12965	16	GGGAGCCTAGGGAGGG	1.25	+	Seeded_G4Hunter	0.625	G4_TRX																																													
seq1_G4_TRX_13004	seq1	G-Quadruplex	Intramolecular G-triplex	13004	13022	19	GGGGAAGGGTGAGTGGGGG	1.47	+	Seeded_G4Hunter	0.7368	G4_TRX																																													
seq1_CRU_13182	seq1	Cruciform	Cruciform forming IRs	13182	13204	23	TCTGGACTGAGTAGCAGTCCAGA	1.0	+	Cruciform_detection	0.431	CRU_10								TCTGGACTG	CAGTCCAGA	AGTAG	9.0	5.0	9.0	52.17	55.56	55.56	40.0	1.0	0.8889	-8.624																									
seq1_CLUSTER_13182	seq1	Non-B_DNA_Clusters	Mixed_Cluster_3_classes	13182	15212	2030	TCTGGACTGAGTAGCAGTCCAGAGGTTGAGTAGCAGCTAGTAAGTGGTGGGGTCAAGATGGGACCCCAGGCAGTGCGACCCCCAACCATGCATTCGAAATCGCTATATGGATGAGTGCACCTGGAGCAATGAGGGACACTGCTCCCTGAGTCACTGGGCTGCAGGGGAGACAAAATGAAAGTGTTCTGGGAGTCGTGGGTGGTCTCCATAGGTCAGAGGGTCTGGGGAGGGAGTGGGTGTCATCGTGGCTGTGTGTTGCCCGAGGGGCCCTCTGTGAGTGAGTGCATGGCCGTGTTATCTCTGCAGGTCTACGCCAGGGTGTTCCTCAGTTGTGTGGTCTTTGTATTTGTGTGTCTGGGCTTTGTGTTGCCAAACAGCAGTCTCTCTGCTGACTTGGGGACACAGGCTGAACTCTGTCCTCTGCAGGAACTCCCTTAAGGTGCTGGGCCAGATCTGCCATAAACAGAGGGAGGTAGCCTTCTATGGCCACGCCTTCTTGCTGAGGAAGAAGGTTCCTCTCTTCCAGGGAGTACATCCTTGCCCTCCCTGTTTCCCAGACAAGCATCTTCACCTCTCATCTTCTGATGAGAAGGGTGAGGCCATACTGAGCTGTCAGGCTGAGCTGCTGCCCTTCCTCACCTTGGGCTGGGAGTTGATCAGGGAATGGCAGTTGCTGCAGAGCTGGATTTGAGGGCTGGGTTCTCTGGATGGGGCCTCCTCATGTCCTCACCCCTCAACCTGCACTATTGATTGTGTTGTGCAGGAGTTAGTTAAAAAGTCATTGCACAGCCTGGGCAACAAGGCAAAACTCTGTACAAAAAATACAAAAATTAGTTGGATGTGATTACACGTGCCTGTAGTCCCAGCTACTCCGGAGGCTGAGGCAGGAGGATCACCTGAGCCCAGGAAGTTGAGGCTTGCAGTGAGCTGTGATTGCAAATGCTCTCCAGCCTGGGTGACAGTGTGAGACTCCGTTTCAGAAAAAAAGTATACCACCCAGCTGCCTCCAGCACCCAGATTTTACCCAAGGGGTGAGGTCTGGGGCAGGAATGTGGGGGAAGGGGAGGCCTAGGGGGAGCCCCAGAGGGGTCAGGATTTTTCTGAAATCCTTTCTTAGAGGTATGGGTTTTACAAATTGCAGCAAATACATCCTTTTAATCTTGCAGAACTCCTTCATATTTTAATTCCAGTATGATTCTTCCAACAGCCTCCTCTCTTTACTATACTTGGGGAAAGTACTCATTTTATTTGTCAAGAAAAAAACAATTGAAAAGATAGGGATCAAATGTAAAAAGAAAAAATACGTGGCATTCCAAAGTCAAACACAAAGCATGTTTAATTTTCTCGTGGTTTGGGATTACCCATATTCCTGCTGTATGAACCTGTCTTGTCTTAACTTTTAAGAAATGTACGGTGTACTTCCTATATGCTAGGTTTTTATCCATGCTTTCATTTAATCTCTGTGACAGTCCTGTGAAGTAGGTGCACAGATGAGAAAATGGAAGTTCAGAGAAATGAAGCAACTTATCCAAGGCTCCCAGCTACCCAGTAATGTCCAGGGAATTTTTGGACTCTGAAGAGGAGGCATTAAGAGGTGGTTAGAGTCTTATTCCAGCCAACAATAATGGGTTGAACAAAGCCTTAGGGGCAGGCAGGTGGCCAGATGGGAGGAGAAGCGCTCCTCTTGTTCAGGCGAATGACCTTTCCATCCACTTCTCTAGGCTGTAGAAAGTGGAGCTGAGCTGGGGGCCCTGAGGTTCCCTCTTGACTTCAGAGTCCTCTCCCTTCCTGTCCAGCCAATGCCTGTCTTCCTTTTGGGCCCTACCAGCATGACAGGGGGCTGCGGGCAGGAGGGGACAGAGGCCACGTTGACACACAGGGCTGTGGGTGAGAGAGACAGCTGAAGTGTCAGCGTGAGGGGCCAGTGTGGGGCTGCGGCTGGGAGGGCTGGGGTGGGGCCCAGGGTAGTTGTGCCTGTCCTTGGGTGATGGAATGATCTGGAAAGAGATTCCTTCCCTGCCCTCCACCTGT	2.18	+	Cluster_Detection	0.653						4.0	3.0	['Cruciform', 'R-Loop', 'G-Quadruplex']																																						
seq1_G4_WEAK_13227	seq1	G-Quadruplex	Two-tetrad weak PQS	13227	13251	25	GGTGGGGTCAAGATGGGACCCCAGG	1.0	+	Seeded_G4Hunter	0.48	G4_WEAK																																													
seq1_RLOOP_13399	seq1	R-Loop	R-loop formation sites	13399	15212	1814	GGGTCTGGGGAGGGAGTGGGTGTCATCGTGGCTGTGTGTTGCCCGAGGGGCCCTCTGTGAGTGAGTGCATGGCCGTGTTATCTCTGCAGGTCTACGCCAGGGTGTTCCTCAGTTGTGTGGTCTTTGTATTTGTGTGTCTGGGCTTTGTGTTGCCAAACAGCAGTCTCTCTGCTGACTTGGGGACACAGGCTGAACTCTGTCCTCTGCAGGAACTCCCTTAAGGTGCTGGGCCAGATCTGCCATAAACAGAGGGAGGTAGCCTTCTATGGCCACGCCTTCTTGCTGAGGAAGAAGGTTCCTCTCTTCCAGGGAGTACATCCTTGCCCTCCCTGTTTCCCAGACAAGCATCTTCACCTCTCATCTTCTGATGAGAAGGGTGAGGCCATACTGAGCTGTCAGGCTGAGCTGCTGCCCTTCCTCACCTTGGGCTGGGAGTTGATCAGGGAATGGCAGTTGCTGCAGAGCTGGATTTGAGGGCTGGGTTCTCTGGATGGGGCCTCCTCATGTCCTCACCCCTCAACCTGCACTATTGATTGTGTTGTGCAGGAGTTAGTTAAAAAGTCATTGCACAGCCTGGGCAACAAGGCAAAACTCTGTACAAAAAATACAAAAATTAGTTGGATGTGATTACACGTGCCTGTAGTCCCAGCTACTCCGGAGGCTGAGGCAGGAGGATCACCTGAGCCCAGGAAGTTGAGGCTTGCAGTGAGCTGTGATTGCAAATGCTCTCCAGCCTGGGTGACAGTGTGAGACTCCGTTTCAGAAAAAAAGTATACCACCCAGCTGCCTCCAGCACCCAGATTTTACCCAAGGGGTGAGGTCTGGGGCAGGAATGTGGGGGAAGGGGAGGCCTAGGGGGAGCCCCAGAGGGGTCAGGATTTTTCTGAAATCCTTTCTTAGAGGTATGGGTTTTACAAATTGCAGCAAATACATCCTTTTAATCTTGCAGAACTCCTTCATATTTTAATTCCAGTATGATTCTTCCAACAGCCTCCTCTCTTTACTATACTTGGGGAAAGTACTCATTTTATTTGTCAAGAAAAAAACAATTGAAAAGATAGGGATCAAATGTAAAAAGAAAAAATACGTGGCATTCCAAAGTCAAACACAAAGCATGTTTAATTTTCTCGTGGTTTGGGATTACCCATATTCCTGCTGTATGAACCTGTCTTGTCTTAACTTTTAAGAAATGTACGGTGTACTTCCTATATGCTAGGTTTTTATCCATGCTTTCATTTAATCTCTGTGACAGTCCTGTGAAGTAGGTGCACAGATGAGAAAATGGAAGTTCAGAGAAATGAAGCAACTTATCCAAGGCTCCCAGCTACCCAGTAATGTCCAGGGAATTTTTGGACTCTGAAGAGGAGGCATTAAGAGGTGGTTAGAGTCTTATTCCAGCCAACAATAATGGGTTGAACAAAGCCTTAGGGGCAGGCAGGTGGCCAGATGGGAGGAGAAGCGCTCCTCTTGTTCAGGCGAATGACCTTTCCATCCACTTCTCTAGGCTGTAGAAAGTGGAGCTGAGCTGGGGGCCCTGAGGTTCCCTCTTGACTTCAGAGTCCTCTCCCTTCCTGTCCAGCCAATGCCTGTCTTCCTTTTGGGCCCTACCAGCATGACAGGGGGCTGCGGGCAGGAGGGGACAGAGGCCACGTTGACACACAGGGCTGTGGGTGAGAGAGACAGCTGAAGTGTCAGCGTGAGGGGCCAGTGTGGGGCTGCGGCTGGGAGGGCTGGGGTGGGGCCCAGGGTAGTTGTGCCTGTCCTTGGGTGATGGAATGATCTGGAAAGAGATTCCTTCCCTGCCCTCCACCTGT	3.0	+	QmRLFS_detection	1.0																																														
seq1_G4_CAN_13399	seq1	G-Quadruplex	Canonical intramolecular G4	13399	13418	20	GGGTCTGGGGAGGGAGTGGG	1.4	+	Seeded_G4Hunter	0.7	G4_CAN																																													
seq1_G4_WEAK_13865	seq1	G-Quadruplex	Two-tetrad weak PQS	13865	13888	24	GGATTTGAGGGCTGGGTTCTCTGG	1.0	+	Seeded_G4Hunter	0.4583	G4_WEAK																																													
seq1_G4_WEAK_14055	seq1	G-Quadruplex	Two-tetrad weak PQS	14055	14072	18	GGAGGCTGAGGCAGGAGG	1.22	+	Seeded_G4Hunter	0.6111	G4_WEAK																																													
seq1_CRV_TRACT_14162	seq1	Curved_DNA	Local Curvature	14162	14168	7	AAAAAAA	2.03	+	Curved_DNA_detection	0.538	CRV_TRACT_19	A-tract	7.0	0.0	100.0																																									
seq1_G4_EXT_14222	seq1	G-Quadruplex	Extended-loop canonical	14222	14257	36	GGGGCAGGAATGTGGGGGAAGGGGAGGCCTAGGGGG	1.96	+	Seeded_G4Hunter	0.9792	G4_EXT																																													
seq1_CRV_TRACT_14438	seq1	Curved_DNA	Local Curvature	14438	14444	7	AAAAAAA	2.03	+	Curved_DNA_detection	0.538	CRV_TRACT_20	A-tract	7.0	0.0	100.0																																									
seq1_G4_WEAK_14826	seq1	G-Quadruplex	Two-tetrad weak PQS	14826	14849	24	GGGGCAGGCAGGTGGCCAGATGGG	1.17	+	Seeded_G4Hunter	0.5833	G4_WEAK																																													
seq1_APHIL_14925	seq1	A-philic_DNA	A-philic DNA	14925	14934	10	TGGGGGCCCT	3.0	+	A-philic_detection	2.255	APHIL_4																																													
seq1_G4_WEAK_15017	seq1	G-Quadruplex	Two-tetrad weak PQS	15017	15044	28	GGGGGCTGCGGGCAGGAGGGGACAGAGG	1.43	+	Seeded_G4Hunter	0.7168	G4_WEAK																																													
seq1_G4_EXT_15099	seq1	G-Quadruplex	Extended-loop canonical	15099	15139	41	GGGGCCAGTGTGGGGCTGCGGCTGGGAGGGCTGGGGTGGGG	3.0	+	Seeded_G4Hunter	1.1152	G4_EXT																																													
seq1_RLOOP_15598	seq1	R-Loop	R-loop formation sites	15598	15613	16	CCCTGGGCCCAGGCCC	1.59	-	QmRLFS_detection	0.562																																														
seq1_CRU_15843	seq1	Cruciform	Cruciform forming IRs	15843	15865	23	TCAGGACTGGGGTCAAGTCCTGA	1.0	+	Cruciform_detection	0.349	CRU_11								TCAGGACT	AGTCCTGA	GGGGTCA	8.0	7.0	8.0	56.52	50.0	50.0	71.43	1.0	0.875	-6.972																									
seq1_G4_WEAK_16060	seq1	G-Quadruplex	Two-tetrad weak PQS	16060	16089	30	GGAGAATTGGAGGTTGGGGTTCCTGAGGGG	1.25	+	Seeded_G4Hunter	0.624	G4_WEAK																																													
seq1_RLOOP_16075	seq1	R-Loop	R-loop formation sites	16075	17394	1320	GGGGTTCCTGAGGGGCAGGGTCCTGGAGACAAGGACACTCCTGGGTAGAATTAGGACCTACCCCCCAGGAAATCAACGGGGACCAGGTGCCGTGGCTCACACCTGTAATCCCAGCACTTTGGGAGGCCGAGACGGGCGGATCACAAGGTCAGCAGTTCAGGACCAGCCTGGCCAACATGGTGAAACCCGCCTCAACTAAAAATACAAAAATTAGCCAGGTGTGGTGTCAGGCACCCGTAATCCCAGCTACTGAGGAGGCTGAGGCAGGAGAATTGCTTGAACCCGGGAGGCAGAGGTTGCAGTGAGCCGAGATTGCGCCACTGCACTCCAGCCTGGCGACAGGGCGAGACTCCATCTCAAAAAAAGAAAACCAATGGGACAGGGCAGATATGGGGACAATGGTAAGGAGATGGGAGAGTGGGAGGGAGGTGTCAGGAAGACCTTCTTGACTTCATGTAGGCTGGTGGGGGTGTTAGCCAGCAAGCCTCCAGTTCCCTGGGAACCGTTCTCAGGGTACCAATTTTACCACCTGTCTGCAAACACTTTAAGATTCTTAATCAGACTCAAATTGGCCACAAATCAGGTAAACAAACTCACTAGTGGGGTGGGGCTACCACCCGTTCTGACCCTCCAGCCCAACCCAGCCCAGCCACCCTGCCCTCCGTAGAGCCTGTGGTGTTTATCGGTGGCATTGGGAGAATTAGTGTGTATTTATGTTGGCGTGGGGTGTGGGGTGGATTTGTGTGTGTGCAGTTAGGCCTAGTGGAAGGAATGTGGGATCTGAAGGCAGGCCAGCCTGAGTTCCAGTCCTGCCTGTTGCTCACAAGCTTTATGAGGCGAGAGCTAACCCCTGCCAGCCTCAGTTGTCTTCTTTGCAAGATGGAGGTTGCAGCCCCAGTCTCTGGAGCATGTTATGCAGATCCACCGAGAGTGCCTGCCAGGCACACAGTAGGTGCTCAGCTCAGTTACTGTGGCGGCCCCCACTCCCCATTGTTGTTGTTTTCCTATTGCCTGGCGGCCACAGCTGGTATCCCTTGAAAAGGGCTACAGGGGGTGGAGTCGGACCCTGCCCCAGCCCTGTGGAGACCCTGGGCTTGGGCCAGGGCCTGGGGTCTGGGCCTGCAGACAGCTGTGTCTATAAAGCAGCTGAAGGGCTGAGGCCGGGGGAGGTCCTGGCAGCAGGGCGTTATTTTGGGCCTGGCCTGCCACCCCCAGCTCCTGTTTCTCTTGGGAGTCTGTTGGGGGAGGAAGTGTGGGGAAGAGGAGGGGGTGCAAGTGGGTGAGGCATGGAGTGGGGAGGCCTCCCTCAGGGACATGGAC	3.0	+	QmRLFS_detection	1.0																																														
seq1_G4_WEAK_16195	seq1	G-Quadruplex	Two-tetrad weak PQS	16195	16213	19	GGGAGGCCGAGACGGGCGG	1.26	+	Seeded_G4Hunter	0.6316	G4_WEAK																																													
seq1_G4_WEAK_16328	seq1	G-Quadruplex	Two-tetrad weak PQS	16328	16342	15	GGAGGCTGAGGCAGG	1.2	+	Seeded_G4Hunter	0.6	G4_WEAK																																													
seq1_CRV_TRACT_16433	seq1	Curved_DNA	Local Curvature	16433	16439	7	AAAAAAA	2.03	+	Curved_DNA_detection	0.538	CRV_TRACT_21	A-tract	7.0	0.0	100.0																																									
seq1_CLUSTER_16433	seq1	Non-B_DNA_Clusters	Mixed_Cluster_3_classes	16433	16721	288	AAAAAAAGAAAACCAATGGGACAGGGCAGATATGGGGACAATGGTAAGGAGATGGGAGAGTGGGAGGGAGGTGTCAGGAAGACCTTCTTGACTTCATGTAGGCTGGTGGGGGTGTTAGCCAGCAAGCCTCCAGTTCCCTGGGAACCGTTCTCAGGGTACCAATTTTACCACCTGTCTGCAAACACTTTAAGATTCTTAATCAGACTCAAATTGGCCACAAATCAGGTAAACAAACTCACTAGTGGGGTGGGGCTACCACCCGTTCTGACCCTCCAGCCCAACCCAGCCC	2.35	+	Cluster_Detection	0.704						5.0	3.0	['G-Quadruplex', 'i-Motif', 'Curved_DNA']																																						
seq1_G4_TRX_16450	seq1	G-Quadruplex	Intramolecular G-triplex	16450	16469	20	GGGACAGGGCAGATATGGGG	1.1	+	Seeded_G4Hunter	0.55	G4_TRX																																													
seq1_G4_TRX_16486	seq1	G-Quadruplex	Intramolecular G-triplex	16486	16500	15	GGGAGAGTGGGAGGG	1.47	+	Seeded_G4Hunter	0.7333	G4_TRX																																													
seq1_G4_WEAK_16533	seq1	G-Quadruplex	Two-tetrad weak PQS	16533	16544	12	GGCTGGTGGGGG	1.5	+	Seeded_G4Hunter	0.75	G4_WEAK																																													
seq1_IMOT_16691	seq1	i-Motif	Canonical i-motif	16691	16721	31	CCCGTTCTGACCCTCCAGCCCAACCCAGCCC	2.89	+	i-Motif_detection	0.948	IMOT_5												2.8	2.8333333333333335	70.97																			['CCC', 'CCC', 'CC', 'CCC', 'CCC', 'CCC']	['GTTCTGA', 'T', 'AG', 'AA', 'AG']	6.0	5.0	[3, 3, 2, 3, 3, 3]	[7, 1, 2, 2, 2]	100.0						
seq1_G4_WEAK_16793	seq1	G-Quadruplex	Two-tetrad weak PQS	16793	16811	19	GGCGTGGGGTGTGGGGTGG	1.47	+	Seeded_G4Hunter	0.7368	G4_WEAK																																													
seq1_G4_WEAK_16831	seq1	G-Quadruplex	Two-tetrad weak PQS	16831	16852	22	GGCCTAGTGGAAGGAATGTGGG	1.0	+	Seeded_G4Hunter	0.5	G4_WEAK																																													
seq1_G4_WEAK_17124	seq1	G-Quadruplex	Two-tetrad weak PQS	17124	17137	14	GGGGGTGGAGTCGG	1.43	+	Seeded_G4Hunter	0.7143	G4_WEAK																																													
seq1_G4_TRX_17177	seq1	G-Quadruplex	Intramolecular G-triplex	17177	17192	16	GGGCCTGGGGTCTGGG	1.25	+	Seeded_G4Hunter	0.625	G4_TRX																																													
seq1_G4_WEAK_17226	seq1	G-Quadruplex	Two-tetrad weak PQS	17226	17250	25	GGGCTGAGGCCGGGGGAGGTCCTGG	1.2	+	Seeded_G4Hunter	0.6	G4_WEAK																																													
seq1_G4_EXT_17304	seq1	G-Quadruplex	Extended-loop canonical	17304	17344	41	GGGAGTCTGTTGGGGGAGGAAGTGTGGGGAAGAGGAGGGGG	3.0	+	Seeded_G4Hunter	1.0496	G4_EXT																																													
seq1_CLUSTER_17304	seq1	Non-B_DNA_Clusters	Mixed_Cluster_3_classes	17304	17602	298	GGGAGTCTGTTGGGGGAGGAAGTGTGGGGAAGAGGAGGGGGTGCAAGTGGGTGAGGCATGGAGTGGGGAGGCCTCCCTCAGGGACATGGACCCTTGAGTTCTATTTCTGTTCCTCCCTCCTGTTCCTCCCTCTTTGTCCTTATCTGCCTAGAGAGGTGGGAATAGAGGCCATTCTGAGTATCACTAGGAGACCACCAGTTTGTGGCCACTGGCCACTGGCCCAGGCAGGGAACCTGGGGGCTTGCCCTACCAGCCTCTCCCAGCAATCTGAAGGCAGGGGGTACCTCGTATTACCCCCT	3.0	+	Cluster_Detection	0.99						5.0	3.0	['Cruciform', 'G-Quadruplex', 'Slipped_DNA']																																						
seq1_G4_WEAK_17352	seq1	G-Quadruplex	Two-tetrad weak PQS	17352	17371	20	GGGTGAGGCATGGAGTGGGG	1.3	+	Seeded_G4Hunter	0.65	G4_WEAK																																													
seq1_SLIPPED_17410	seq1	Slipped_DNA	Direct Repeat	17410	17435	26	CTGTTCCTCCCTCCTGTTCCTCCCTC	3.0	+	Slipped_DNA_detection	2.505	SLIPPED_8																												CTGTTCCTCCCTC	13.0	2.0	1.0	2.505													
seq1_CLUSTER_17410	seq1	Non-B_DNA_Clusters	Mixed_Cluster_4_classes	17410	17682	272	CTGTTCCTCCCTCCTGTTCCTCCCTCTTTGTCCTTATCTGCCTAGAGAGGTGGGAATAGAGGCCATTCTGAGTATCACTAGGAGACCACCAGTTTGTGGCCACTGGCCACTGGCCCAGGCAGGGAACCTGGGGGCTTGCCCTACCAGCCTCTCCCAGCAATCTGAAGGCAGGGGGTACCTCGTATTACCCCCTAGGATTTGACCTTAGGCTCCAACTTGCTGGGAGAGCAGTGCCTCTGGTGTCAGACCCCAAGCCAGCCCTTGTGCTGTCCC	3.0	+	Cluster_Detection	0.938						4.0	4.0	['Cruciform', 'R-Loop', 'G-Quadruplex', 'Slipped_DNA']																																						
seq1_G4_WEAK_17507	seq1	G-Quadruplex	Two-tetrad weak PQS	17507	17528	22	GGCCACTGGCCACTGGCCCAGG	1.0	+	Seeded_G4Hunter	0.3636	G4_WEAK																																													
seq1_CRU_17579	seq1	Cruciform	Cruciform forming IRs	17579	17602	24	AGGGGGTACCTCGTATTACCCCCT	1.0	+	Cruciform_detection	0.383	CRU_12								AGGGGGTA	TACCCCCT	CCTCGTAT	8.0	8.0	8.0	58.33	62.5	62.5	50.0	1.0	0.875	-7.662																									
seq1_RLOOP_17657	seq1	R-Loop	R-loop formation sites	17657	17682	26	CCCCAAGCCAGCCCTTGTGCTGTCCC	1.36	-	QmRLFS_detection	0.5																																														
seq1_G4_WEAK_17722	seq1	G-Quadruplex	Two-tetrad weak PQS	17722	17745	24	GGCAGGAATTCTGGGCAGCTCAGG	1.0	+	Seeded_G4Hunter	0.4167	G4_WEAK																																													
seq1_RLOOP_17766	seq1	R-Loop	R-loop formation sites	17766	17781	16	CCCTCTGCCCCCACCC	2.27	-	QmRLFS_detection	0.75																																														
seq1_RLOOP_17894	seq1	R-Loop	R-loop formation sites	17894	17905	12	CCCCGGCGCCCC	2.27	-	QmRLFS_detection	0.75																																														
seq1_G4_WEAK_17949	seq1	G-Quadruplex	Two-tetrad weak PQS	17949	17976	28	GGGCATTTCTGGTCTCAGGGATACCAGG	1.0	+	Seeded_G4Hunter	0.3584	G4_WEAK																																													
seq1_G4_WEAK_17979	seq1	G-Quadruplex	Two-tetrad weak PQS	17979	18002	24	GGGGTCCAAGTGGGCCAGGTGTGG	1.08	+	Seeded_G4Hunter	0.5417	G4_WEAK																																													
seq1_G4_WEAK_18129	seq1	G-Quadruplex	Two-tetrad weak PQS	18129	18148	20	GGAGGTGGCCAGGGTGAGGG	1.3	+	Seeded_G4Hunter	0.65	G4_WEAK																																													
seq1_G4_WEAK_18342	seq1	G-Quadruplex	Two-tetrad weak PQS	18342	18363	22	GGGTGGCATTACGGGGGTGTGG	1.18	+	Seeded_G4Hunter	0.5909	G4_WEAK																																													
seq1_G4_WEAK_18378	seq1	G-Quadruplex	Two-tetrad weak PQS	18378	18399	22	GGTTGGCATGTGGGTGTGCTGG	1.09	+	Seeded_G4Hunter	0.5455	G4_WEAK																																													
seq1_IMOT_18429	seq1	i-Motif	AC-motif	18429	18452	24	TTTGCTTGGGAGAGGGGCAGGGGG	3.0	+	i-Motif_detection	1.0	IMOT_6														66.67																			[]	[]	0.0	0.0	[]	[]	0.0						
seq1_HYBRID_18429	seq1	Hybrid	i-Motif_R-Loop_Overlap	18429	18802	373	TTTGCTTGGGAGAGGGGCAGGGGGTATCCAGAAGATTCATGATTCGTCATCGCCTCTCTTGGGGGATTTTTACCCCTTTGCCCTGAGTTGTGCCTTTGGGACAAAGGAAGCCTTTCTTTGCCAGCCAACACCCTGTACTGGCGGGCGAGCTCCCCAGGGCTGGCACGCTGGGGCAGCCTCTGAATGCACAGGGTGGGCCTAGTCAGAAGAAGCCTTTCCCCTGAAATCCCTCTACTTCCCAAGCACGCAAGCTTTCTCCTGCTGTTAAACCTGCAGTGTGCAAGGGACATGGGCGGAGGGGTCCTTCAGTCAGGCTTCTCCCTGTCTGAGGTGGCATGACTTGGAGTGAGTTTGGATGGGGTGGCCAGGTCTGA	3.0	+	Hybrid_Detection	1.0								['i-Motif', 'R-Loop']																																						
seq1_CLUSTER_18429	seq1	Non-B_DNA_Clusters	Mixed_Cluster_3_classes	18429	18802	373	TTTGCTTGGGAGAGGGGCAGGGGGTATCCAGAAGATTCATGATTCGTCATCGCCTCTCTTGGGGGATTTTTACCCCTTTGCCCTGAGTTGTGCCTTTGGGACAAAGGAAGCCTTTCTTTGCCAGCCAACACCCTGTACTGGCGGGCGAGCTCCCCAGGGCTGGCACGCTGGGGCAGCCTCTGAATGCACAGGGTGGGCCTAGTCAGAAGAAGCCTTTCCCCTGAAATCCCTCTACTTCCCAAGCACGCAAGCTTTCTCCTGCTGTTAAACCTGCAGTGTGCAAGGGACATGGGCGGAGGGGTCCTTCAGTCAGGCTTCTCCCTGTCTGAGGTGGCATGACTTGGAGTGAGTTTGGATGGGGTGGCCAGGTCTGA	2.86	+	Cluster_Detection	0.858						4.0	3.0	['i-Motif', 'G-Quadruplex', 'R-Loop']																																						
seq1_RLOOP_18436	seq1	R-Loop	R-loop formation sites	18436	18802	367	GGGAGAGGGGCAGGGGGTATCCAGAAGATTCATGATTCGTCATCGCCTCTCTTGGGGGATTTTTACCCCTTTGCCCTGAGTTGTGCCTTTGGGACAAAGGAAGCCTTTCTTTGCCAGCCAACACCCTGTACTGGCGGGCGAGCTCCCCAGGGCTGGCACGCTGGGGCAGCCTCTGAATGCACAGGGTGGGCCTAGTCAGAAGAAGCCTTTCCCCTGAAATCCCTCTACTTCCCAAGCACGCAAGCTTTCTCCTGCTGTTAAACCTGCAGTGTGCAAGGGACATGGGCGGAGGGGTCCTTCAGTCAGGCTTCTCCCTGTCTGAGGTGGCATGACTTGGAGTGAGTTTGGATGGGGTGGCCAGGTCTGA	3.0	+	QmRLFS_detection	1.0																																														
seq1_G4_TRX_18436	seq1	G-Quadruplex	Intramolecular G-triplex	18436	18452	17	GGGAGAGGGGCAGGGGG	1.53	+	Seeded_G4Hunter	0.7647	G4_TRX																																													
seq1_G4_TRX_18712	seq1	G-Quadruplex	Intramolecular G-triplex	18712	18729	18	GGGACATGGGCGGAGGGG	1.33	+	Seeded_G4Hunter	0.6667	G4_TRX																																													
seq1_G4_WEAK_18782	seq1	G-Quadruplex	Two-tetrad weak PQS	18782	18797	16	GGATGGGGTGGCCAGG	1.25	+	Seeded_G4Hunter	0.625	G4_WEAK																																													
seq1_RLOOP_18808	seq1	R-Loop	R-loop formation sites	18808	20179	1372	TCCCCCGCCAGTGTCCTCTGACCCATCTGCTCTCTCCTGCCAGTGTGCACCGGCACAGACATGAAGCTGCGGCTCCCTGCCAGTCCCGAGACCCACCTGGACATGCTCCGCCACCTCTACCAGGGCTGCCAGGTGGTGCAGGGAAACCTGGAACTCACCTACCTGCCCACCAATGCCAGCCTGTCCTTCCTGCAGGTGAGGCCCGTGGGCAACCCAGCCAGGCCCTGCCTCCAGCTGGGCTGAGCCCTCTGTTTACAGGTGGGTGGCAGAAGAAGGTGCCCTGCCCTTCTGTTTCCTCTCTTGTTGTGGTTTCTCAACCAGGAAGTCCTTTCTAACATCTAACCCCCATTCATTTTACTGCAGAATCAGTTGACTCTCTCTATAACGTGGCTGGCCGAGGTCATGTCTGGATGGGATGCGTCTGTGTTTCCGCTAAATCTTGTGCTCTCTTGCCAGCATGATCATGTCCCCTGTCCACCTGCTCCAGCCACTATCCCTCTCCCACTTACAGCAGAAGAAAGGGCTGGTGAGAAAGGTGGATTACAGGCCCACTTCTGCCACTGACGAGCCCTATGAATGTGGCCTACACCCCCTTAGCTTCACTGGGTCTCAGTTTCCCTATCTGTATATTGGGAGCAGTTGTGAAGCTCAGAAGAGAAATGTCTGTGAAAAGGTTATGAACAGGAGGGAGAGTGGAAACCAACCTGCTGGATCGTGTCCACAGACCCTGGAATGGGGCCACATGCTTGGTTTGTCAAATTGCAGACGCCGGCCGGGTGCGATGGCTCATGCCTGTAATCCCAGCACTTTGGGAGGCCGAGGCGGACAGATCACTTGAGGTCGGGAGTTCGAGACCAGCCTGACCAACATGGAGAAACCCCGTCTCTACTGAAAATACAAAATTAGCCAGGCATGGTGGCACATGCCTATAATCCCAGCTACTTGGGAAGGCTGAGGCAGGAGAATCACTTGAACCTGGGAGACGGAGGTTGTGGTGAGCCTAGATCGTGCCATTGTACTCCAGCCTGGGCAACAAGAGTGAAACTCCGTCTCAAAAAAAAAAAATTTGCAGACGCCATCCCATCCAGGCCTTTGCTTTCACTGATGAAGAAACTGAGATACAGAGAGGGCAGGGCACCTGTTCGGAGTTTATGAAATGCCCCCCCACCATTATCTTTCTTGATCATATAAGAATCTGGTGAGGCAAGGTAGGGCGTGATCTTTATCTCTATTTTATCGTTTTATTTAAGCGGGAACAGGACTGCTCAGTGGCTGGGGGCCTTGCCCAAGATCTCCAAGTACTGGGGAACCCCAGGGAGGCCCTGGGGGGTGGCAGTGTTCCTATTTCAGCCCCACTCTGCTTCCCCCTCCC	3.0	-	QmRLFS_detection	1.0																																														
seq1_G4_WEAK_18930	seq1	G-Quadruplex	Two-tetrad weak PQS	18930	18958	29	GGGCTGCCAGGTGGTGCAGGGAAACCTGG	1.11	+	Seeded_G4Hunter	0.5568	G4_WEAK																																													
seq1_G4_WEAK_19328	seq1	G-Quadruplex	Two-tetrad weak PQS	19328	19346	19	GGGCTGGTGAGAAAGGTGG	1.16	+	Seeded_G4Hunter	0.5789	G4_WEAK																																													
seq1_G4_WEAK_19618	seq1	G-Quadruplex	Two-tetrad weak PQS	19618	19632	15	GGGAGGCCGAGGCGG	1.33	+	Seeded_G4Hunter	0.6667	G4_WEAK																																													
seq1_G4_WEAK_19752	seq1	G-Quadruplex	Two-tetrad weak PQS	19752	19768	17	GGGAAGGCTGAGGCAGG	1.18	+	Seeded_G4Hunter	0.5882	G4_WEAK																																													
seq1_G4_WEAK_19785	seq1	G-Quadruplex	Two-tetrad weak PQS	19785	19802	18	GGGAGACGGAGGTTGTGG	1.22	+	Seeded_G4Hunter	0.6111	G4_WEAK																																													
seq1_CRV_TRACT_19861	seq1	Curved_DNA	Local Curvature	19861	19872	12	AAAAAAAAAAAA	2.33	+	Curved_DNA_detection	0.667	CRV_TRACT_22	A-tract	12.0	0.0	100.0																																									
seq1_CLUSTER_19861	seq1	Non-B_DNA_Clusters	Mixed_Cluster_3_classes	19861	20140	279	AAAAAAAAAAAATTTGCAGACGCCATCCCATCCAGGCCTTTGCTTTCACTGATGAAGAAACTGAGATACAGAGAGGGCAGGGCACCTGTTCGGAGTTTATGAAATGCCCCCCCACCATTATCTTTCTTGATCATATAAGAATCTGGTGAGGCAAGGTAGGGCGTGATCTTTATCTCTATTTTATCGTTTTATTTAAGCGGGAACAGGACTGCTCAGTGGCTGGGGGCCTTGCCCAAGATCTCCAAGTACTGGGGAACCCCAGGGAGGCCCTGGGGGGTGG	1.96	+	Cluster_Detection	0.589						4.0	3.0	['Cruciform', 'G-Quadruplex', 'Curved_DNA']																																						
seq1_G4_WEAK_20005	seq1	G-Quadruplex	Two-tetrad weak PQS	20005	20021	17	GGTGAGGCAAGGTAGGG	1.18	+	Seeded_G4Hunter	0.5882	G4_WEAK																																													
seq1_G4_WEAK_20111	seq1	G-Quadruplex	Two-tetrad weak PQS	20111	20140	30	GGGGAACCCCAGGGAGGCCCTGGGGGGTGG	1.25	+	Seeded_G4Hunter	0.624	G4_WEAK																																													
seq1_CRU_20117	seq1	Cruciform	Cruciform forming IRs	20117	20135	19	CCCCAGGGAGGCCCTGGGG	1.0	+	Cruciform_detection	0.476	CRU_13								CCCCAGGG	CCCTGGGG	AGG	8.0	3.0	8.0	84.21	87.5	87.5	66.67	1.0	0.875	-9.521																									
seq1_G4_WEAK_20181	seq1	G-Quadruplex	Two-tetrad weak PQS	20181	20201	21	GGATATCCAGGAGGTGCAGGG	1.0	+	Seeded_G4Hunter	0.4762	G4_WEAK																																													
seq1_G4_WEAK_21014	seq1	G-Quadruplex	Two-tetrad weak PQS	21014	21025	12	GGTGGTGGTGGG	1.5	+	Seeded_G4Hunter	0.75	G4_WEAK																																													
seq1_CLUSTER_21014	seq1	Non-B_DNA_Clusters	Mixed_Cluster_3_classes	21014	21925	911	GGTGGTGGTGGGACTCAAAGACGGTAAAGATAGCTTTCTCTCCTCCCTGGGGAATCTGGGGGTTGTTTAAAAGGCCTGCTCCTCTTTTAGAAGGCAGGAGGGCCCCAAGGGAAGCAGAAGGTGACAGAAGGGGAAAGGGTCCTCTGATCATTGCTCACCCCACAGAGATCTTGAAAGGAGGGGTCTTGATCCAGCGGAACCCCCAGCTCTGCTACCAGGACACGATTTTGTGGAAGGACATCTTCCACAAGAACAACCAGCTGGCTCTCACACTGATAGACACCAACCGCTCTCGGGCCTGTAAGCCATGCCCCTCCCTGCTGCCTCTTCTCTCAGACAGCCTGACCCCAGCCGCAAACTCCCAACTTACAACCCAGTGCCTGCCCGCCACTGCCCCAGCCGCCTACACCACCCATTTCCTCCCTCTCTGTCCCTCCTGCCATCTCCCTGTGCCTCTTCATCTCTGGGGTTCTCTGTCTTGTCTCCCTCTGCTTATAGGTTGTGCCTCTGGTTTGGGGGCCTCTCAGCCTGTCTGGGTCCCTCCCTTGCTGTGCAGTTGGCCTCGTGGCCTCTGCTGCTGTTTGTGCCTCTCTCTGTTACTAACCCGTCCTCTCGCTGTTAGACATCTCTCTCACTGCCTGTCTCTGGTTCTGTCCTCAGGCCACCCCTGTTCTCCGATGTGTAAGGGCTCCCGCTGCTGGGGAGAGAGTTCTGAGGATTGTCAGAGCCGTGAGTCTCAGGGAGGCCTGGAGTCAGGGAAGGGGAGGGCTGGGGCCGGGTGGAATGCAGGTGTCATACAGGTGACATGGGAGGGGTGGGATAACAGGCTTGGGATGTCTCCCCTGGGCCAGGTAGTCTCCCTAGAAGGTGATGCTGATGAGGGTCTGGTGCCCAGGGCGCCACTCAGCCCTC	2.23	+	Cluster_Detection	0.67						4.0	3.0	['Cruciform', 'R-Loop', 'G-Quadruplex']																																						
seq1_RLOOP_21062	seq1	R-Loop	R-loop formation sites	21062	21925	864	GGGGAATCTGGGGGTTGTTTAAAAGGCCTGCTCCTCTTTTAGAAGGCAGGAGGGCCCCAAGGGAAGCAGAAGGTGACAGAAGGGGAAAGGGTCCTCTGATCATTGCTCACCCCACAGAGATCTTGAAAGGAGGGGTCTTGATCCAGCGGAACCCCCAGCTCTGCTACCAGGACACGATTTTGTGGAAGGACATCTTCCACAAGAACAACCAGCTGGCTCTCACACTGATAGACACCAACCGCTCTCGGGCCTGTAAGCCATGCCCCTCCCTGCTGCCTCTTCTCTCAGACAGCCTGACCCCAGCCGCAAACTCCCAACTTACAACCCAGTGCCTGCCCGCCACTGCCCCAGCCGCCTACACCACCCATTTCCTCCCTCTCTGTCCCTCCTGCCATCTCCCTGTGCCTCTTCATCTCTGGGGTTCTCTGTCTTGTCTCCCTCTGCTTATAGGTTGTGCCTCTGGTTTGGGGGCCTCTCAGCCTGTCTGGGTCCCTCCCTTGCTGTGCAGTTGGCCTCGTGGCCTCTGCTGCTGTTTGTGCCTCTCTCTGTTACTAACCCGTCCTCTCGCTGTTAGACATCTCTCTCACTGCCTGTCTCTGGTTCTGTCCTCAGGCCACCCCTGTTCTCCGATGTGTAAGGGCTCCCGCTGCTGGGGAGAGAGTTCTGAGGATTGTCAGAGCCGTGAGTCTCAGGGAGGCCTGGAGTCAGGGAAGGGGAGGGCTGGGGCCGGGTGGAATGCAGGTGTCATACAGGTGACATGGGAGGGGTGGGATAACAGGCTTGGGATGTCTCCCCTGGGCCAGGTAGTCTCCCTAGAAGGTGATGCTGATGAGGGTCTGGTGCCCAGGGCGCCACTCAGCCCTC	3.0	+	QmRLFS_detection	1.0																																														
seq1_G4_WEAK_21106	seq1	G-Quadruplex	Two-tetrad weak PQS	21106	21124	19	GGCAGGAGGGCCCCAAGGG	1.05	+	Seeded_G4Hunter	0.5263	G4_WEAK																																													
seq1_CRU_21241	seq1	Cruciform	Cruciform forming IRs	21241	21263	23	TTGTGGAAGGACATCTTCCACAA	1.0	+	Cruciform_detection	0.402	CRU_14								TTGTGGAAG	CTTCCACAA	GACAT	9.0	5.0	9.0	43.48	44.44	44.44	40.0	1.0	0.8889	-8.044																									
seq1_G4_WEAK_21774	seq1	G-Quadruplex	Two-tetrad weak PQS	21774	21803	30	GGGGAGGGCTGGGGCCGGGTGGAATGCAGG	1.54	+	Seeded_G4Hunter	0.768	G4_WEAK																																													
seq1_G4_EXT_21821	seq1	G-Quadruplex	Extended-loop canonical	21821	21860	40	GGGAGGGGTGGGATAACAGGCTTGGGATGTCTCCCCTGGG	1.79	+	Seeded_G4Hunter	0.896	G4_EXT																																													
seq1_RLOOP_22070	seq1	R-Loop	R-loop formation sites	22070	23981	1912	CCTCTGCTTTGTGCCCAATGTGCTCTACCCCCCAGGATGCAAGGGGTGGGCACCCTGCCTGGTACTGCCCTATTGCCCCTGGCACACCAGGGCAAAACAGCACAGTGAAAGCCAGCCACCTGTCCCCCCAGGCCTGCCTCCACTTCAACCACAGTGGCATCTGTGAGCTGCACTGCCCAGCCCTGGTCACCTACAACACAGACACGTTTGAGTCCATGCCCAATCCCGAGGGCCGGTATACATTCGGCGCCAGCTGTGTGACTGCCTGTCCCTGTGAGTGCCAGGGAGAAACACAGTTTTCTCATTTTGGTGGGGAGGTTTGTTTCTGTAAATGGGAGCATATGGGGAGCACTGTCTGCATCTTGCTTTGAGAGCTGGTCATGACAGTTCCTGCCGAGCTGCCTTGTTCTTTCAACAGCTGTGGAGCAGGTGGCAGTAAGGAGAGGCAGCTAAGAGCCCAGACTTGGGAGCCAGACTGCCTGGGTTTGAAACCCAGCTCTATCAATTAGTAGGCACGTGACCCTCTTGCTGTGCCTCAGTTTCCTCATCAGTAAAATGGGGGCAAGAATAGTCCCAACTGCATAAGATGGTTATAACATTTGAAAGAGTTAATATTTGTAAAGCTCTTAGAACGGTGCCTGGTATGTACTAAGTGCTCCTAAATGTTAGCTTTTATTCTATAGCCTGGTGAGGTCAGTTTTACCTTTCGTTTTGTTTTTGAGACCGAATTTAGTTAGCTCTATCGCAGTGGCGCGATCTCGGCTCACTGCAACCTCCGCCTCCCAGGTTCGTGCTATTCTCGTGTCTCAGCCTCCTGAGTAGCTGGGATTACAGGCGCCCACCACCATGCCTCGCTAAATTTTGTATTTTTAGTAGAGACAGGGTTTCACCACGTTGGCCAGACTGGTCTCGAACTCCTGACTTCAGGCGATCCACCTGCCTCGGCCTCTGAAAGTGCTGGGATTACAGGCGTGAGCCACTGCACCCGGACTTTTTTTTTTTTGGCAGAGTCTCGCTCCATTGCCCAGGCTGGAGTGCAGTGGTGCAATTTTGGCTCACTGCAACCTCTGCCTTCCGCATTCAAGCAATTCTTGTGCCTCAGACTCTTGAGTAGGTGGAACTACAGGCATGCACCACCATGGCTGGGTAATTTTTGTATTTTTAGTAGAGACGGAGTTTCACTATGTTGGCCAAGCTGGTCTCGAACTCCTGACCTCAAGTGATCCACCCGCCTTGGTCTCCCAAAGTGCTGGGATTACAGGCATGAGCCATCGTGCCTGGCCTAGCTCAGTTTTATTTAACAGATCACCTATTTACTGATGGGCGTTTATGGACTGGGCTCAGACCTGGGGAACCTCTTTCCTCCTCTCACAGGAACAGGAGTGGGCCTTCAGATCCTGGCTGACTGTGTTAGGGAGAGGACAAAATGTAGAGCCAGACCATTTGGGTTCAAATCCTCGCTCCTCCACTCACTAGCACAATGACCTTGAATAATTTACAGAACTCTCTGCTTTGGTCTCCCTTTTTGCAAAATGGGAATCTCACAGTGCTGATCCCGTCTGGTTGTTGTGAGGGGTAAATGGATGTCAGGTGCTGATGCGTGGTAGGGCATTTAAGTATTGGTTGATATTATTCTTCTTGTGCCTGGGCACGGTAATGCTGCTCATGGTGGTGCACGAAGGGCCAGGGTATGTGGCTACATGTTCCTGATCTCCTTAGACAACTACCTTTCTACGGACGTGGGATCCTGCACCCTCGTCTGCCCCCTGCACAACCAAGAGGTGACAGCAGAGGATGGAACACAGCGGTGTGAGAAGTGCAGCAAGCCCTGTGCCCGAGGTACCCACTCACTGCCCCCGAGGCCAGCTGCAGTTCCTGTCCCTCTGCGCATGCAGCCTGGCCCAGCCCACCC	3.0	-	QmRLFS_detection	1.0																																														
seq1_G4_WEAK_22492	seq1	G-Quadruplex	Two-tetrad weak PQS	22492	22515	24	GGAGCAGGTGGCAGTAAGGAGAGG	1.08	+	Seeded_G4Hunter	0.5417	G4_WEAK																																													
seq1_CRU_22549	seq1	Cruciform	Cruciform forming IRs	22549	22565	17	CTGGGTTTGAAACCCAG	1.0	+	Cruciform_detection	0.405	CRU_15								CTGGGTTT	AAACCCAG	G	8.0	1.0	8.0	52.94	50.0	50.0	100.0	1.0	0.875	-8.1																									
seq1_CRV_TRACT_23061	seq1	Curved_DNA	Local Curvature	23061	23072	12	TTTTTTTTTTTT	2.33	+	Curved_DNA_detection	0.667	CRV_TRACT_23	T-tract	12.0	0.0	100.0																																									
seq1_CRV_APR_23570	seq1	Curved_DNA	Global Curvature	23570	23610	41	GAACTCTCTGCTTTGGTCTCCCTTTTTGCAAAATGGGAATC	2.05	+	Curved_DNA_detection	0.545	CRV_APR_3			43.9	56.1																	['AAAA']	['TTT', 'TTTTT']	1.0	2.0	[4]	[3, 5]	[23579.0, 23589.0, 23600.0]																		
seq1_RLOOP_24087	seq1	R-Loop	R-loop formation sites	24087	24095	9	GGGGAGGGG	2.78	+	QmRLFS_detection	0.889																																														
seq1_APHIL_24091	seq1	A-philic_DNA	A-philic DNA	24091	24100	10	AGGGGCCCGG	3.0	+	A-philic_detection	1.755	APHIL_5																																													
seq1_IMOT_24153	seq1	i-Motif	Canonical i-motif	24153	24172	20	CCCCTTCCCCACCCACCCCC	3.0	+	i-Motif_detection	1.0	IMOT_7												1.3333333333333333	4.0	80.0																			['CCCC', 'CCCC', 'CCC', 'CCCCC']	['TT', 'A', 'A']	4.0	3.0	[4, 4, 3, 5]	[2, 1, 1]	100.0						
seq1_G4_WEAK_24450	seq1	G-Quadruplex	Two-tetrad weak PQS	24450	24475	26	GGAGCAGGGCCTTTGGTGGGTGGGGG	1.25	+	Seeded_G4Hunter	0.624	G4_WEAK																																													
seq1_RLOOP_24456	seq1	R-Loop	R-loop formation sites	24456	24475	20	GGGCCTTTGGTGGGTGGGGG	1.91	+	QmRLFS_detection	0.65																																														
seq1_RLOOP_24843	seq1	R-Loop	R-loop formation sites	24843	24863	21	GGGTGGGGGGCTTCAAAAGGG	1.62	+	QmRLFS_detection	0.571																																														
seq1_G4_WEAK_25328	seq1	G-Quadruplex	Two-tetrad weak PQS	25328	25344	17	GGGGCCAGGCACGGTGG	1.18	+	Seeded_G4Hunter	0.5882	G4_WEAK																																													
seq1_G4_WEAK_25370	seq1	G-Quadruplex	Two-tetrad weak PQS	25370	25385	16	GGGAGGCCGAGGCAGG	1.25	+	Seeded_G4Hunter	0.625	G4_WEAK																																													
seq1_G4_WEAK_25507	seq1	G-Quadruplex	Two-tetrad weak PQS	25507	25522	16	GGGAGGCTGAGGCAGG	1.25	+	Seeded_G4Hunter	0.625	G4_WEAK																																													
seq1_G4_WEAK_25539	seq1	G-Quadruplex	Two-tetrad weak PQS	25539	25550	12	GGGAGGTGGAGG	1.5	+	Seeded_G4Hunter	0.75	G4_WEAK																																													
seq1_CRV_TRACT_25620	seq1	Curved_DNA	Local Curvature	25620	25633	14	AAAAAAAAAAAAAA	2.41	+	Curved_DNA_detection	0.7	CRV_TRACT_24	A-tract	14.0	0.0	100.0																																									
seq1_CRV_TRACT_25754	seq1	Curved_DNA	Local Curvature	25754	25760	7	AAAAAAA	2.03	+	Curved_DNA_detection	0.538	CRV_TRACT_25	A-tract	7.0	0.0	100.0																																									
seq1_G4_WEAK_25844	seq1	G-Quadruplex	Two-tetrad weak PQS	25844	25865	22	GGGAGGTGGAGGTTGCAGTGGG	1.27	+	Seeded_G4Hunter	0.6364	G4_WEAK																																													
seq1_CLUSTER_25844	seq1	Non-B_DNA_Clusters	Mixed_Cluster_3_classes	25844	26084	240	GGGAGGTGGAGGTTGCAGTGGGTTGAAATCATGTCACTGTACTCCAGCCTGGGTGACAGAATGAGACCCTGTCTCAAAAAAAAAAAAAAAAAAAAAATTCCCTTTCACACTTCCTTTACCTCCACTCCCCTTTCCAGAGGGGGCCATGGTTAACAGTGTGTGTGTTCACCTAGACCGTTTATGCATCTGTAGACACACACACAGTGAAGTGTGGTTTTCGTCGTTTTGGTGGGGAGGTTGG	2.61	+	Cluster_Detection	0.784						4.0	3.0	['Curved_DNA', 'G-Quadruplex', 'Triplex']																																						
seq1_CRV_TRACT_25919	seq1	Curved_DNA	Local Curvature	25919	25940	22	AAAAAAAAAAAAAAAAAAAAAA	2.61	+	Curved_DNA_detection	0.786	CRV_TRACT_26	A-tract	22.0	0.0	100.0																																									
seq1_TRX_25919	seq1	Triplex	Triplex_Motif	25919	25940	22	AAAAAAAAAAAAAAAAAAAAAA	3.0	+	Triplex_seed_mirror_detection	1.0	TRX_MIRROR																																													
seq1_G4_WEAK_26071	seq1	G-Quadruplex	Two-tetrad weak PQS	26071	26084	14	GGTGGGGAGGTTGG	1.43	+	Seeded_G4Hunter	0.7143	G4_WEAK																																													
seq1_G4_WEAK_26191	seq1	G-Quadruplex	Two-tetrad weak PQS	26191	26208	18	GGTGGCGGCAAGGAGAGG	1.22	+	Seeded_G4Hunter	0.6111	G4_WEAK																																													
seq1_G4_WEAK_26470	seq1	G-Quadruplex	Two-tetrad weak PQS	26470	26486	17	GGCTGGGTGGCTCGGGG	1.29	+	Seeded_G4Hunter	0.6471	G4_WEAK																																													
seq1_CRV_TRACT_26634	seq1	Curved_DNA	Local Curvature	26634	26649	16	TTTTTTTTTTTTTTTT	2.48	+	Curved_DNA_detection	0.727	CRV_TRACT_27	T-tract	16.0	0.0	100.0																																									
seq1_ZDNA_26774	seq1	Z-DNA	Z-DNA	26774	26783	10	GCGCGCGGCA	1.0	+	Z-DNA_detection	50.25	ZDNA_3			90.0																																					1.0	50.25	7.0	0.0	2.0	0.0
seq1_CLUSTER_26774	seq1	Non-B_DNA_Clusters	Mixed_Cluster_3_classes	26774	27077	303	GCGCGCGGCACCACACCCAGCTAATTTTTGTATTTGTAGTAGAGATGGGGTTTCACCATGTTGGCCAGGATGGTCTCCATCTCTTGACTTCGTGATCCGCCCGCCTCGGCCTCCCAAAGTGCTGGGATTACAGGCGTGAGCCACTGAGCCCAGGCAGAAATAAGATTTCTAGATCAAAGGATATAAATACTGTTTTGATAGATGTTGCCGAACTAAGGCCTGGGCTTTGAAGCCCAGGATGGGAACAGCTGGGCTCGATGGGCAAAGGGTTTGAGTGAAGGCATTCATGGTGGGGAGTGGCTGG	3.0	+	Cluster_Detection	12.957						4.0	3.0	['Cruciform', 'G-Quadruplex', 'Z-DNA']																																						
seq1_CRU_26992	seq1	Cruciform	Cruciform forming IRs	26992	27011	20	CCTGGGCTTTGAAGCCCAGG	1.13	+	Cruciform_detection	0.53	CRU_16								CCTGGGCTT	AAGCCCAGG	TG	9.0	2.0	9.0	65.0	66.67	66.67	50.0	1.0	0.8889	-10.604																									
seq1_G4_TRX_27024	seq1	G-Quadruplex	Intramolecular G-triplex	27024	27042	19	GGGCTCGATGGGCAAAGGG	1.05	+	Seeded_G4Hunter	0.5263	G4_TRX																																													
seq1_G4_WEAK_27053	seq1	G-Quadruplex	Two-tetrad weak PQS	27053	27077	25	GGCATTCATGGTGGGGAGTGGCTGG	1.04	+	Seeded_G4Hunter	0.52	G4_WEAK																																													
seq1_RLOOP_27415	seq1	R-Loop	R-loop formation sites	27415	28729	1315	GGGGGCCTGATGGGGAGGAGTCCCAGGGAGGAGTCCCTGTGGGAAGCTTTGGGCCTGAGGGAGTACTCCTGTAGCAGTAACCTTTCCATGAAAGTCTGCAGAGTGTGCTGGGGATGGAGGAAGATGAGAATAGCCTTTGCTGACCGGGAAGGGGTCCGTGGTAAGGTGCCCACCTTTCTCCCATAGTGGCGCCTACTCGCTGACCCTGCAAGGGCTGGGCATCAGCTGGCTGGGGCTGCGCTCACTGAGGGAACTGGGCAGTGGACTGGCCCTCATCCACCATAACACCCACCTCTGCTTCGTGCACACGGTGCCCTGGGACCAGCTCTTTCGGAACCCGCACCAAGCTCTGCTCCACACTGCCAACCGGCCAGAGGACGAGTGTGGTAAGACAGGGAGCCCAGTGTGCGCACTCCCCATCTGCCAGCACACAGCAGTGCCCAGGGGGCCCTGGCAGCAGCGTTCTTGGACTTGTGCAGACTGCCCGTCTCTGTGCACCCTTCTTGACTCAGCACAGCTCTGGCTGGCTTGGCCTCTTGGCATGGCTTCTCTAGCTGGGTCCTACCTGCCTTGGCATCCTTCCCTCCCCCTCTGTTTCTGAAATCTCAGAACTCTTCCTCTCCCTACATCGGCCCCACCTGTCCCCACCCCTCCAGCCCACAGCCATGCCCACAGCCAGTTCCCTGGTTCACTTGGACCTGGGGCCTCCCCTAAAAGTCCCCTGCGGTCCCTTCCTCCTCACTGCAGTGGGCGAGGGCCTGGCCTGCCACCAGCTGTGCGCCCGAGGGCACTGCTGGGGTCCAGGGCCCACCCAGTGTGTCAACTGCAGCCAGTTCCTTCGGGGCCAGGAGTGCGTGGAGGAATGCCGAGTACTGCAGGGGTATGAGGGGCGGAGGAGAGGGTGGCTGGAGGGGTGCATGGGGCTCCTCTCAGACCCCCTCACCACTGTCCCTTCTCTCAGGCTCCCCAGGGAGTATGTGAATGCCAGGCACTGTTTGCCGTGCCACCCTGAGTGTCAGCCCCAGAATGGCTCAGTGACCTGTTTTGGACCGGTGAGCTGCTGGCGGGCTCAGAGCTGGGTGGAGGGGGGCAGCGAGGGGGATTGCCAGGGACTTGGCAGGATGGCGAGATGCAGTAGGGTGTGCTATCTGGTAAAATATCCCTGGAGAGGGCTCAGCGCTCAGACCTGAACAGCAACAGAGTGGCAGAAAAGGGGCCTGGGGGACACTGGGGCCCTTCAGACTATGAAAAGGTTCTAAGGAGGTCTGTGTTGGTGGCTGTGACTGTGGCTGTGCTAGGGTGGTGAGCCCTGTGG	3.0	+	QmRLFS_detection	1.0																																														
seq1_G4_EXT_27415	seq1	G-Quadruplex	Extended-loop canonical	27415	27457	43	GGGGGCCTGATGGGGAGGAGTCCCAGGGAGGAGTCCCTGTGGG	1.93	+	Seeded_G4Hunter	0.9632	G4_EXT																																													
seq1_G4_WEAK_27560	seq1	G-Quadruplex	Two-tetrad weak PQS	27560	27580	21	GGGAAGGGGTCCGTGGTAAGG	1.14	+	Seeded_G4Hunter	0.5714	G4_WEAK																																													
seq1_G4_WEAK_27663	seq1	G-Quadruplex	Two-tetrad weak PQS	27663	27683	21	GGGAACTGGGCAGTGGACTGG	1.05	+	Seeded_G4Hunter	0.5238	G4_WEAK																																													
seq1_APHIL_27857	seq1	A-philic_DNA	A-philic DNA	27857	27866	10	AGGGGGCCCT	3.0	+	A-philic_detection	2.487	APHIL_6																																													
seq1_G4_WEAK_27936	seq1	G-Quadruplex	Two-tetrad weak PQS	27936	27959	24	GGCTGGCTTGGCCTCTTGGCATGG	1.0	+	Seeded_G4Hunter	0.4167	G4_WEAK																																													
seq1_IMOT_28047	seq1	i-Motif	Canonical i-motif	28047	28073	27	CCCCACCTGTCCCCACCCCTCCAGCCC	3.0	+	i-Motif_detection	1.0	IMOT_8												1.6	3.1666666666666665	77.78																			['CCCC', 'CC', 'CCCC', 'CCCC', 'CC', 'CCC']	['A', 'TGT', 'A', 'T', 'AG']	6.0	5.0	[4, 2, 4, 4, 2, 3]	[1, 3, 1, 1, 2]	100.0						
seq1_G4_TRX_28200	seq1	G-Quadruplex	Intramolecular G-triplex	28200	28220	21	GGGCACTGCTGGGGTCCAGGG	1.05	+	Seeded_G4Hunter	0.5238	G4_TRX																																													
seq1_G4_WEAK_28255	seq1	G-Quadruplex	Two-tetrad weak PQS	28255	28275	21	GGGGCCAGGAGTGCGTGGAGG	1.24	+	Seeded_G4Hunter	0.619	G4_WEAK																																													
seq1_G4_EXT_28292	seq1	G-Quadruplex	Extended-loop canonical	28292	28328	37	GGGGTATGAGGGGCGGAGGAGAGGGTGGCTGGAGGGG	3.0	+	Seeded_G4Hunter	1.0064	G4_EXT																																													
seq1_G4_EXT_28480	seq1	G-Quadruplex	Extended-loop canonical	28480	28515	36	GGGCTCAGAGCTGGGTGGAGGGGGGCAGCGAGGGGG	3.0	+	Seeded_G4Hunter	1.0368	G4_EXT																																													
seq1_G4_WEAK_28618	seq1	G-Quadruplex	Two-tetrad weak PQS	28618	28647	30	GGCAGAAAAGGGGCCTGGGGGACACTGGGG	1.25	+	Seeded_G4Hunter	0.624	G4_WEAK																																													
seq1_RLOOP_29000	seq1	R-Loop	R-loop formation sites	29000	29016	17	GGGCCCCGAGGGAGGGG	1.9	+	QmRLFS_detection	0.647																																														
seq1_G4_EXT_29000	seq1	G-Quadruplex	Extended-loop canonical	29000	29043	44	GGGCCCCGAGGGAGGGGCCACAGAGACTGGGTGAAGAGCAAGGG	1.83	+	Seeded_G4Hunter	0.9152	G4_EXT																																													
seq1_RLOOP_29078	seq1	R-Loop	R-loop formation sites	29078	29103	26	GGGTGGCCTTGGGAAGCACAAAGGGG	1.36	+	QmRLFS_detection	0.5																																														
seq1_G4_EXT_29078	seq1	G-Quadruplex	Extended-loop canonical	29078	29116	39	GGGTGGCCTTGGGAAGCACAAAGGGGACCCAACTAAGGG	1.5	+	Seeded_G4Hunter	0.7488	G4_EXT																																													
seq1_CLUSTER_29078	seq1	Non-B_DNA_Clusters	Mixed_Cluster_4_classes	29078	29298	220	GGGTGGCCTTGGGAAGCACAAAGGGGACCCAACTAAGGGCCTGATCCTACTGCCCTGGGGGTGTCAGTGCCAGCCCCCCACAAATCTTTTCTGCCCCCCCCAGGAGGCTGACCAGTGTGTGGCCTGTGCCCACTATAAGGACCCTCCCTTCTGCGTGGCCCGCTGCCCCAGCGGTGTGAAACCTGACCTCTCCTACATGCCCATCTGGAAGTTTCCAGATG	3.0	+	Cluster_Detection	1.029						4.0	4.0	['Cruciform', 'R-Loop', 'G-Quadruplex', 'A-philic_DNA']																																						
seq1_APHIL_29170	seq1	A-philic_DNA	A-philic DNA	29170	29179	10	GCCCCCCCCA	3.0	+	A-philic_detection	2.45	APHIL_7																																													
seq1_CLUSTER_29170	seq1	Non-B_DNA_Clusters	Mixed_Cluster_3_classes	29170	29459	289	GCCCCCCCCAGGAGGCTGACCAGTGTGTGGCCTGTGCCCACTATAAGGACCCTCCCTTCTGCGTGGCCCGCTGCCCCAGCGGTGTGAAACCTGACCTCTCCTACATGCCCATCTGGAAGTTTCCAGATGAGGAGGGCGCATGCCAGCCTTGCCCCATCAACTGCACCCACTCGTGAGTCCAACGGTCTTTTCTGCAGAAAGGAGGACTTTCCTTTCAGGGGTCTTTCTGGGGCTCTTACTATAAAAGGGGACCAACTCTCCCTTTGTCATATCTTGTTTCTGATGACAAA	3.0	+	Cluster_Detection	0.916						4.0	3.0	['Cruciform', 'R-Loop', 'A-philic_DNA']																																						
seq1_CRU_29279	seq1	Cruciform	Cruciform forming IRs	29279	29298	20	CATCTGGAAGTTTCCAGATG	1.0	+	Cruciform_detection	0.417	CRU_17								CATCTGGAA	TTCCAGATG	GT	9.0	2.0	9.0	45.0	44.44	44.44	50.0	1.0	0.8889	-8.334																									
seq1_RLOOP_29387	seq1	R-Loop	R-loop formation sites	29387	29401	15	GGGGTCTTTCTGGGG	1.48	+	QmRLFS_detection	0.533																																														
seq1_CRU_29432	seq1	Cruciform	Cruciform forming IRs	29432	29459	28	TTTGTCATATCTTGTTTCTGATGACAAA	1.0	+	Cruciform_detection	0.264	CRU_18								TTTGTCAT	ATGACAAA	ATCTTGTTTCTG	8.0	12.0	8.0	28.57	25.0	25.0	33.33	1.0	0.875	-5.279																									
seq1_SLIPPED_29652	seq1	Slipped_DNA	STR	29652	29681	30	ACACACACACACACACACACACACACACAC	3.0	+	Slipped_DNA_detection	2.433	SLIPPED_9																												AC	2.0	15.0	1.0	2.433													
seq1_TRX_30088	seq1	Triplex	Triplex_Motif	30088	30110	23	TTATTCTTTTAATTTTTCTTATT	3.0	+	Triplex_seed_mirror_detection	1.0	TRX_MIRROR																																													
seq1_G4_WEAK_30417	seq1	G-Quadruplex	Two-tetrad weak PQS	30417	30432	16	GGGAGGCTGAGGCAGG	1.25	+	Seeded_G4Hunter	0.625	G4_WEAK																																													
seq1_CRV_TRACT_30602	seq1	Curved_DNA	Local Curvature	30602	30611	10	TTTTTTTTTT	2.24	+	Curved_DNA_detection	0.625	CRV_TRACT_28	T-tract	10.0	0.0	100.0																																									
seq1_G4_WEAK_30833	seq1	G-Quadruplex	Two-tetrad weak PQS	30833	30854	22	GGATCCAGGCTGGGCATGGTGG	1.0	+	Seeded_G4Hunter	0.5	G4_WEAK																																													
seq1_G4_WEAK_30880	seq1	G-Quadruplex	Two-tetrad weak PQS	30880	30895	16	GGGAGGCCGAGGCAGG	1.25	+	Seeded_G4Hunter	0.625	G4_WEAK																																													
seq1_G4_WEAK_30980	seq1	G-Quadruplex	Two-tetrad weak PQS	30980	30993	14	GGCGTGGTGGTGGG	1.43	+	Seeded_G4Hunter	0.7143	G4_WEAK																																													
seq1_TRX_31122	seq1	Triplex	Triplex_Motif	31122	31147	26	AAGAAAAAAAAGAAAAAAAAAAAGAA	3.0	+	Triplex_seed_mirror_detection	1.0	TRX_MIRROR																																													
seq1_CLUSTER_31122	seq1	Non-B_DNA_Clusters	Mixed_Cluster_3_classes	31122	31410	288	AAGAAAAAAAAGAAAAAAAAAAAGAATATGGGTCCAGATCCATATGGATCCTAGATCCAGATCACGGTGTTAGAACATGGAAAAACATTGCAAGATTCTGCTAAGTGAAAAAAGCATTTGCAAACAGTATGTACAGTCTATATTCAGAGGAGGAACTGCTGGGTCATAGATGATATTTCATAGGTATTGCCAAACCGTTCTCTGGAGAAGTGGTATGGGTTTACCCTGGGATTCTTCTATGGAGGGAATAGTTGAGCTCCCGGGCTTGCTCTTCTGGGTGCCCCTCCCC	2.59	+	Cluster_Detection	0.777						4.0	3.0	['R-Loop', 'Curved_DNA', 'Triplex']																																						
seq1_CRV_TRACT_31125	seq1	Curved_DNA	Local Curvature	31125	31132	8	AAAAAAAA	2.11	+	Curved_DNA_detection	0.571	CRV_TRACT_29	A-tract	8.0	0.0	100.0																																									
seq1_CRV_TRACT_31134	seq1	Curved_DNA	Local Curvature	31134	31144	11	AAAAAAAAAAA	2.29	+	Curved_DNA_detection	0.647	CRV_TRACT_30	A-tract	11.0	0.0	100.0																																									
seq1_RLOOP_31402	seq1	R-Loop	R-loop formation sites	31402	31410	9	CCCCTCCCC	2.78	-	QmRLFS_detection	0.889																																														
seq1_G4_WEAK_31429	seq1	G-Quadruplex	Two-tetrad weak PQS	31429	31456	28	GGAGCTGCAGGGGAGCGGGGCATGCCGG	1.25	+	Seeded_G4Hunter	0.6272	G4_WEAK																																													
seq1_HYBRID_31429	seq1	Hybrid	G-Quadruplex_R-Loop_Overlap	31429	32098	669	GGAGCTGCAGGGGAGCGGGGCATGCCGGTTCCTTGGCTGGAGAAGGAGTCTCCTTGTGAGGTGGTAGAAGGAGCACTGACGGCCTTGAGCCCAGTTTCTGCCTTTGTCAAATGGGGATAATGACCCAGCCACACCCCTCCCAGGGTTGTTGTGAGGCTGGAAAGGTGGTTCCCAAGAGGGTGGTTCCCAGAATTGTTGATGAGACTGTTTCTCCTGCAGCTGTGTGGACCTGGATGACAAGGGCTGCCCCGCCGAGCAGAGAGCCAGGTTGGCCTGGACCCCAGGATGTACCCTTCATTGCCCTTCACTCCCCCACTGGATGCTGGGTGGTCACTGCTGTAGGGAGGGGACCCCCTGACATATGTCCCTTCCCACCCACTCTTCCACTGTGGAACCTCCTGTCATTTTCCACTTCACCAAGTGACAGAGGACCTGCTCAGATGCTGAGGGGAGGGGACTGCAAGGAAAGATGGCTAGGAAACCCAGTCCCTCCACACCCTAGAGTAACTTGATGCCTTGTGAGGGACACAGGCAAAGTTCAATTCCTTGGAAGTCAAGGGAGACTGAGAAGAGTACAGCTGCAGCACTGAGGGAGTGATGAATTCTTAACTGGGGATGGTGGGAGGCTTCGAGTGGGAGGTGGCATTTGAGCTAGGCTTTGAGAGAGGAG	2.71	+	Hybrid_Detection	0.814								['G-Quadruplex', 'R-Loop']																																						
seq1_RLOOP_31438	seq1	R-Loop	R-loop formation sites	31438	32098	661	GGGGAGCGGGGCATGCCGGTTCCTTGGCTGGAGAAGGAGTCTCCTTGTGAGGTGGTAGAAGGAGCACTGACGGCCTTGAGCCCAGTTTCTGCCTTTGTCAAATGGGGATAATGACCCAGCCACACCCCTCCCAGGGTTGTTGTGAGGCTGGAAAGGTGGTTCCCAAGAGGGTGGTTCCCAGAATTGTTGATGAGACTGTTTCTCCTGCAGCTGTGTGGACCTGGATGACAAGGGCTGCCCCGCCGAGCAGAGAGCCAGGTTGGCCTGGACCCCAGGATGTACCCTTCATTGCCCTTCACTCCCCCACTGGATGCTGGGTGGTCACTGCTGTAGGGAGGGGACCCCCTGACATATGTCCCTTCCCACCCACTCTTCCACTGTGGAACCTCCTGTCATTTTCCACTTCACCAAGTGACAGAGGACCTGCTCAGATGCTGAGGGGAGGGGACTGCAAGGAAAGATGGCTAGGAAACCCAGTCCCTCCACACCCTAGAGTAACTTGATGCCTTGTGAGGGACACAGGCAAAGTTCAATTCCTTGGAAGTCAAGGGAGACTGAGAAGAGTACAGCTGCAGCACTGAGGGAGTGATGAATTCTTAACTGGGGATGGTGGGAGGCTTCGAGTGGGAGGTGGCATTTGAGCTAGGCTTTGAGAGAGGAG	3.0	+	QmRLFS_detection	1.0																																														
seq1_G4_WEAK_31583	seq1	G-Quadruplex	Two-tetrad weak PQS	31583	31596	14	GGCTGGAAAGGTGG	1.14	+	Seeded_G4Hunter	0.5714	G4_WEAK																																													
seq1_G4_WEAK_31695	seq1	G-Quadruplex	Two-tetrad weak PQS	31695	31713	19	GGTTGGCCTGGACCCCAGG	1.0	+	Seeded_G4Hunter	0.4211	G4_WEAK																																													
seq1_G4_WEAK_31876	seq1	G-Quadruplex	Two-tetrad weak PQS	31876	31901	26	GGGGAGGGGACTGCAAGGAAAGATGG	1.08	+	Seeded_G4Hunter	0.5408	G4_WEAK																																													
seq1_G4_WEAK_32040	seq1	G-Quadruplex	Two-tetrad weak PQS	32040	32054	15	GGGGATGGTGGGAGG	1.47	+	Seeded_G4Hunter	0.7333	G4_WEAK																																													
seq1_G4_WEAK_32133	seq1	G-Quadruplex	Two-tetrad weak PQS	32133	32161	29	GGGGTGCAAGGTGACACTGGAGGGGGAGG	1.3	+	Seeded_G4Hunter	0.6496	G4_WEAK																																													
seq1_RLOOP_32294	seq1	R-Loop	R-loop formation sites	32294	32311	18	GGGTGGGACTTGACTGGG	1.57	+	QmRLFS_detection	0.556																																														
seq1_G4_EXT_32294	seq1	G-Quadruplex	Extended-loop canonical	32294	32319	26	GGGTGGGACTTGACTGGGCAGTGGGG	1.16	+	Seeded_G4Hunter	0.5824	G4_EXT																																													
seq1_CLUSTER_32294	seq1	Non-B_DNA_Clusters	Mixed_Cluster_3_classes	32294	32529	235	GGGTGGGACTTGACTGGGCAGTGGGGACCTTTGGAAAGGACTTTGGGGAGAAAAACAGACTGGAGTCTGTCTTAGGCGATCATCGGTCCGTGAAATGAGCATGTGTTACAGGCTTGGTATGTACCAGACCCTGTGCTAAGCAAGGGGGTATGGAGAGGAGAGGGTGACAAGAATATTGGATCAACACCCGGGAGCTCCATCTATCCCAGGATGCACTATCTTTTTTTTATTTTTTT	1.94	+	Cluster_Detection	0.583						5.0	3.0	['Curved_DNA', 'R-Loop', 'G-Quadruplex']																																						
seq1_G4_WEAK_32437	seq1	G-Quadruplex	Two-tetrad weak PQS	32437	32457	21	GGGGGTATGGAGAGGAGAGGG	1.33	+	Seeded_G4Hunter	0.6667	G4_WEAK																																													
seq1_CRV_TRACT_32514	seq1	Curved_DNA	Local Curvature	32514	32521	8	TTTTTTTT	2.11	+	Curved_DNA_detection	0.571	CRV_TRACT_31	T-tract	8.0	0.0	100.0																																									
seq1_CRV_TRACT_32523	seq1	Curved_DNA	Local Curvature	32523	32529	7	TTTTTTT	2.03	+	Curved_DNA_detection	0.538	CRV_TRACT_32	T-tract	7.0	0.0	100.0																																									
seq1_CRV_TRACT_32984	seq1	Curved_DNA	Local Curvature	32984	32991	8	TTTTTTTT	2.11	+	Curved_DNA_detection	0.571	CRV_TRACT_33	T-tract	8.0	0.0	100.0																																									
seq1_CLUSTER_32984	seq1	Non-B_DNA_Clusters	Mixed_Cluster_3_classes	32984	33144	160	TTTTTTTTGTATAGACAGGGTCTCACTATGTTGCCCGAGCTGGTCTCAAACTCGTGGGCTCAAGTGATCCTCCAGTTTTGGCCTCCCAAAATGTTGGGATCACAGGAGTGAGCCACCACTCCTGGCGATGAGCCAAGTCTTTTTTTTTTTTTTTTTTTTTT	2.26	+	Cluster_Detection	0.679						4.0	3.0	['Cruciform', 'Curved_DNA', 'Triplex']																																						
seq1_CRU_33086	seq1	Cruciform	Cruciform forming IRs	33086	33107	22	CAGGAGTGAGCCACCACTCCTG	1.0	+	Cruciform_detection	0.361	CRU_19								CAGGAGTG	CACTCCTG	AGCCAC	8.0	6.0	8.0	63.64	62.5	62.5	66.67	1.0	0.875	-7.215																									
seq1_CRV_TRACT_33123	seq1	Curved_DNA	Local Curvature	33123	33144	22	TTTTTTTTTTTTTTTTTTTTTT	2.61	+	Curved_DNA_detection	0.786	CRV_TRACT_34	T-tract	22.0	0.0	100.0																																									
seq1_TRX_33123	seq1	Triplex	Triplex_Motif	33123	33144	22	TTTTTTTTTTTTTTTTTTTTTT	3.0	+	Triplex_seed_mirror_detection	1.0	TRX_MIRROR																																													
seq1_G4_WEAK_33462	seq1	G-Quadruplex	Two-tetrad weak PQS	33462	33488	27	GGAGAAATGGTGGTCCAGGCTGAAGGG	1.0	+	Seeded_G4Hunter	0.4752	G4_WEAK																																													
seq1_RLOOP_33607	seq1	R-Loop	R-loop formation sites	33607	35566	1960	GGGGGTGGGGCCCCAAAATTGTATGCATACAGACTGTGTGCTGATTTGTGATATTACTTAGGATTTTTTGACTTTACAATGGTGGAAAAGCAATAATATACATTCAGTATAAACCGTACTTTGAATACCCATACAGCCATTCTGTTTTTCACTTTTATTTTTATTTATTTATTTATTTATTATTTATTTTGAGATGTCATTTTGCTGTTGTTACCCAGGCTGGAGTGCAATGGCGCAGTCTTGGCTCACCGCAACCTCCACCTCTCAGGTTCAAACGATTCTCCTGCTTCAGCCTCCAGAGTGGCTGGGATTACAGGCAGGCACCACCACACCCGGCTAATTTTGTATTTTTAGTAGAGACGGGGTTTCTCCATGTTAGTCAGGCTGGTCTCGAACTCGAGAGCTCAGGTGATCTGCCCATCTCAGCCTCAAGCCACCATGCCCAGCCCTACTTTCAGTATTCAATAAATTACATAGCCAGGCACCGTGGCTCACACCTGTAATCCCAGCACTTTAGGAGGCCAAGGTGGGAGGATCCTTTGAGGCCAGAAGCTCGAGACCAGCCTGGGCAACATAGTGAGACCCCATTTCTACAAAAAATAAAAAAACTAGCTGAGTGTGGTGGCGTGTGTCTGTAGTCCCAGCTACTTGGGCAGCTGAGGTGGAAAGACTGCTTGAGCCCAGAGGTCAGGGCTGCAGTGGGCCATGATCTCACCACTGCACTCAGCCTGGGCAACACAGCAAGGCCCTGTCTCAAAAATAAATAAATAAATAACACAAACTTATTTAACAGTTTACTATAAAATAGGCTTTGTGTCAGATGATTCTGCCCAACTGTAAGCTGCTGGCAGTGTAAATGTTCTGAGCACGTGTAAGCCAGGCTAGGTGTCTTAAATGCATTTTCAGTTTCAACTTAGAATTGGTTTATCAGGACGTAGCCCCTTGGTGTTGAGGGGCATGTGTATTAACAGTCTCCTTAGTGACTTTTTTTTTTTTGAGATGGAGTCTTGCACTGGCCGTAGTGCAGTGGCACAATCTCAGCTCACTGCAACCTCTTGTCTCCCGGGTTCAAGCGATTCTCCTGCCTCAGTCTCCCAAGTAGCTGGGATTACAGGCACCCACACCACGCCCAGCTAATTTTTGTGTGTGTGTATTTTTAGTAGAGACGGGGGTTTCACTATGTTGGCCAGGCTGGTCTCGAACTCCTGACCTTGTGATCTGCCCACCTCAGACTCTCAAAGTGCTAGGATTCCAGGCATGAGCCACCGCGCCCAGAGTCCTTAGTGATTTTTACACCATGAATTGTTGAAGCCCTAAGCCAGAGCCAAGGGCAAGAGTATAGAGAATCTGGAGATGCGGAGAGGGTTCTGATTGCCTACAAGGAGTTTGGACTTTATTGTGGAGGCAGCGGGGAGCCAAGGCAGGTTTTAGAGTAGGAGAGGGTCCAAGCCTGTGGGTCACCCTTCCGACTTCCCTTTCCGAATGCCAAACACCTTCATGTCCCCCGTGGGCCCCCTTTGTCCCTCCCACCCCAAACTAGCCCTCAATCCCTGACCCTGGCTTCCGCCCCCAGCCCTCTGACGTCCATCATCTCTGCGGTGGTTGGCATTCTGCTGGTCGTGGTCTTGGGGGTGGTCTTTGGGATCCTCATCAAGCGACGGCAGCAGAAGATCCGGAAGTACACGATGCGGAGACTGCTGCAGGAAACGGAGGTGAGGCGGGGTGAAGTCCTCCCAGCCCGCGTGGGGTCTGCACCGGCCCCCGGCACTGACCCACCACCCCCTCACCCCAGCTGGTGGAGCCGCTGACACCTAGCGGAGCGATGCCCAACCAGGCGCAGATGCGGATCCTGAAAGAGACGGAGCTGAGGAAGGTGAAGGTGCTTGGATCTGGCGCTTTTGGCACAGTCTACAAGGTCAGGGCCAGGTCCTGGGGTGGGCGGCCCCAGAGGATGGGGGCG	3.0	+	QmRLFS_detection	1.0																																														
seq1_HYBRID_33607	seq1	Hybrid	R-Loop_G-Quadruplex_Overlap	33607	35574	1967	GGGGGTGGGGCCCCAAAATTGTATGCATACAGACTGTGTGCTGATTTGTGATATTACTTAGGATTTTTTGACTTTACAATGGTGGAAAAGCAATAATATACATTCAGTATAAACCGTACTTTGAATACCCATACAGCCATTCTGTTTTTCACTTTTATTTTTATTTATTTATTTATTTATTATTTATTTTGAGATGTCATTTTGCTGTTGTTACCCAGGCTGGAGTGCAATGGCGCAGTCTTGGCTCACCGCAACCTCCACCTCTCAGGTTCAAACGATTCTCCTGCTTCAGCCTCCAGAGTGGCTGGGATTACAGGCAGGCACCACCACACCCGGCTAATTTTGTATTTTTAGTAGAGACGGGGTTTCTCCATGTTAGTCAGGCTGGTCTCGAACTCGAGAGCTCAGGTGATCTGCCCATCTCAGCCTCAAGCCACCATGCCCAGCCCTACTTTCAGTATTCAATAAATTACATAGCCAGGCACCGTGGCTCACACCTGTAATCCCAGCACTTTAGGAGGCCAAGGTGGGAGGATCCTTTGAGGCCAGAAGCTCGAGACCAGCCTGGGCAACATAGTGAGACCCCATTTCTACAAAAAATAAAAAAACTAGCTGAGTGTGGTGGCGTGTGTCTGTAGTCCCAGCTACTTGGGCAGCTGAGGTGGAAAGACTGCTTGAGCCCAGAGGTCAGGGCTGCAGTGGGCCATGATCTCACCACTGCACTCAGCCTGGGCAACACAGCAAGGCCCTGTCTCAAAAATAAATAAATAAATAACACAAACTTATTTAACAGTTTACTATAAAATAGGCTTTGTGTCAGATGATTCTGCCCAACTGTAAGCTGCTGGCAGTGTAAATGTTCTGAGCACGTGTAAGCCAGGCTAGGTGTCTTAAATGCATTTTCAGTTTCAACTTAGAATTGGTTTATCAGGACGTAGCCCCTTGGTGTTGAGGGGCATGTGTATTAACAGTCTCCTTAGTGACTTTTTTTTTTTTGAGATGGAGTCTTGCACTGGCCGTAGTGCAGTGGCACAATCTCAGCTCACTGCAACCTCTTGTCTCCCGGGTTCAAGCGATTCTCCTGCCTCAGTCTCCCAAGTAGCTGGGATTACAGGCACCCACACCACGCCCAGCTAATTTTTGTGTGTGTGTATTTTTAGTAGAGACGGGGGTTTCACTATGTTGGCCAGGCTGGTCTCGAACTCCTGACCTTGTGATCTGCCCACCTCAGACTCTCAAAGTGCTAGGATTCCAGGCATGAGCCACCGCGCCCAGAGTCCTTAGTGATTTTTACACCATGAATTGTTGAAGCCCTAAGCCAGAGCCAAGGGCAAGAGTATAGAGAATCTGGAGATGCGGAGAGGGTTCTGATTGCCTACAAGGAGTTTGGACTTTATTGTGGAGGCAGCGGGGAGCCAAGGCAGGTTTTAGAGTAGGAGAGGGTCCAAGCCTGTGGGTCACCCTTCCGACTTCCCTTTCCGAATGCCAAACACCTTCATGTCCCCCGTGGGCCCCCTTTGTCCCTCCCACCCCAAACTAGCCCTCAATCCCTGACCCTGGCTTCCGCCCCCAGCCCTCTGACGTCCATCATCTCTGCGGTGGTTGGCATTCTGCTGGTCGTGGTCTTGGGGGTGGTCTTTGGGATCCTCATCAAGCGACGGCAGCAGAAGATCCGGAAGTACACGATGCGGAGACTGCTGCAGGAAACGGAGGTGAGGCGGGGTGAAGTCCTCCCAGCCCGCGTGGGGTCTGCACCGGCCCCCGGCACTGACCCACCACCCCCTCACCCCAGCTGGTGGAGCCGCTGACACCTAGCGGAGCGATGCCCAACCAGGCGCAGATGCGGATCCTGAAAGAGACGGAGCTGAGGAAGGTGAAGGTGCTTGGATCTGGCGCTTTTGGCACAGTCTACAAGGTCAGGGCCAGGTCCTGGGGTGGGCGGCCCCAGAGGATGGGGGCGGTGCCTGG	2.72	+	Hybrid_Detection	0.816								['R-Loop', 'G-Quadruplex']																																						
seq1_APHIL_33612	seq1	A-philic_DNA	A-philic DNA	33612	33621	10	TGGGGCCCCA	3.0	+	A-philic_detection	2.022	APHIL_8																																													
seq1_SLIPPED_33766	seq1	Slipped_DNA	STR	33766	33785	20	TTTATTTATTTATTTATTTA	3.0	+	Slipped_DNA_detection	2.368	SLIPPED_10																												TTTA	4.0	5.0	1.0	2.368													
seq1_G4_WEAK_33909	seq1	G-Quadruplex	Two-tetrad weak PQS	33909	33927	19	GGCTGGGATTACAGGCAGG	1.0	+	Seeded_G4Hunter	0.4737	G4_WEAK																																													
seq1_G4_WEAK_34123	seq1	G-Quadruplex	Two-tetrad weak PQS	34123	34140	18	GGAGGCCAAGGTGGGAGG	1.22	+	Seeded_G4Hunter	0.6111	G4_WEAK																																													
seq1_CRV_TRACT_34208	seq1	Curved_DNA	Local Curvature	34208	34214	7	AAAAAAA	2.03	+	Curved_DNA_detection	0.538	CRV_TRACT_35	A-tract	7.0	0.0	100.0																																									
seq1_CRU_34301	seq1	Cruciform	Cruciform forming IRs	34301	34328	28	TGCAGTGGGCCATGATCTCACCACTGCA	1.0	+	Cruciform_detection	0.395	CRU_20								TGCAGTGG	CCACTGCA	GCCATGATCTCA	8.0	12.0	8.0	57.14	62.5	62.5	50.0	1.0	0.875	-7.909																									
seq1_CRV_TRACT_34591	seq1	Curved_DNA	Local Curvature	34591	34602	12	TTTTTTTTTTTT	2.33	+	Curved_DNA_detection	0.667	CRV_TRACT_36	T-tract	12.0	0.0	100.0																																									
seq1_G4_WEAK_35007	seq1	G-Quadruplex	Two-tetrad weak PQS	35007	35031	25	GGAGGCAGCGGGGAGCCAAGGCAGG	1.12	+	Seeded_G4Hunter	0.56	G4_WEAK																																													
seq1_IMOT_35108	seq1	i-Motif	Canonical i-motif	35108	35139	32	CCCCCGTGGGCCCCCTTTGTCCCTCCCACCCC	3.0	+	i-Motif_detection	0.985	IMOT_9												3.0	4.0	78.12																			['CCCCC', 'CCCCC', 'CCC', 'CCC', 'CCCC']	['GTGGG', 'TTTGT', 'T', 'A']	5.0	4.0	[5, 5, 3, 3, 4]	[5, 5, 1, 1]	100.0						
seq1_CLUSTER_35108	seq1	Non-B_DNA_Clusters	Mixed_Cluster_3_classes	35108	35329	221	CCCCCGTGGGCCCCCTTTGTCCCTCCCACCCCAAACTAGCCCTCAATCCCTGACCCTGGCTTCCGCCCCCAGCCCTCTGACGTCCATCATCTCTGCGGTGGTTGGCATTCTGCTGGTCGTGGTCTTGGGGGTGGTCTTTGGGATCCTCATCAAGCGACGGCAGCAGAAGATCCGGAAGTACACGATGCGGAGACTGCTGCAGGAAACGGAGGTGAGGCGGGG	3.0	+	Cluster_Detection	1.115						4.0	3.0	['i-Motif', 'G-Quadruplex', 'A-philic_DNA']																																						
seq1_APHIL_35114	seq1	A-philic_DNA	A-philic DNA	35114	35123	10	TGGGCCCCCT	3.0	+	A-philic_detection	2.255	APHIL_9																																													
seq1_G4_WEAK_35222	seq1	G-Quadruplex	Two-tetrad weak PQS	35222	35241	20	GGTCGTGGTCTTGGGGGTGG	1.2	+	Seeded_G4Hunter	0.6	G4_WEAK																																													
seq1_G4_WEAK_35309	seq1	G-Quadruplex	Two-tetrad weak PQS	35309	35329	21	GGAAACGGAGGTGAGGCGGGG	1.24	+	Seeded_G4Hunter	0.619	G4_WEAK																																													
seq1_G4_WEAK_35467	seq1	G-Quadruplex	Two-tetrad weak PQS	35467	35486	20	GGAGCTGAGGAAGGTGAAGG	1.1	+	Seeded_G4Hunter	0.55	G4_WEAK																																													
seq1_G4_WEAK_35526	seq1	G-Quadruplex	Two-tetrad weak PQS	35526	35548	23	GGGCCAGGTCCTGGGGTGGGCGG	1.22	+	Seeded_G4Hunter	0.6087	G4_WEAK																																													
seq1_G4_WEAK_35556	seq1	G-Quadruplex	Two-tetrad weak PQS	35556	35574	19	GGATGGGGGCGGTGCCTGG	1.26	+	Seeded_G4Hunter	0.6316	G4_WEAK																																													
seq1_G4_WEAK_35673	seq1	G-Quadruplex	Two-tetrad weak PQS	35673	35695	23	GGGTGGTGAAGGATGTTTGGAGG	1.13	+	Seeded_G4Hunter	0.5652	G4_WEAK																																													
seq1_G4_WEAK_35713	seq1	G-Quadruplex	Two-tetrad weak PQS	35713	35726	14	GGAAGGCAGGTAGG	1.14	+	Seeded_G4Hunter	0.5714	G4_WEAK																																													
seq1_G4_WEAK_35898	seq1	G-Quadruplex	Two-tetrad weak PQS	35898	35920	23	GGAGGACAGGAAGGACCCCATGG	1.0	+	Seeded_G4Hunter	0.4348	G4_WEAK																																													
seq1_CRV_TRACT_35990	seq1	Curved_DNA	Local Curvature	35990	35996	7	TTTTTTT	2.03	+	Curved_DNA_detection	0.538	CRV_TRACT_37	T-tract	7.0	0.0	100.0																																									
seq1_CRV_TRACT_36134	seq1	Curved_DNA	Local Curvature	36134	36149	16	TTTTTTTTTTTTTTTT	2.48	+	Curved_DNA_detection	0.727	CRV_TRACT_38	T-tract	16.0	0.0	100.0																																									
seq1_G4_WEAK_36488	seq1	G-Quadruplex	Two-tetrad weak PQS	36488	36508	21	GGCTGTGGGCCATGGCTGTGG	1.05	+	Seeded_G4Hunter	0.5238	G4_WEAK																																													
seq1_G4_WEAK_36517	seq1	G-Quadruplex	Two-tetrad weak PQS	36517	36544	28	GGTTGGGAGGCTGTGTGGTGTTTGGGGG	1.34	+	Seeded_G4Hunter	0.672	G4_WEAK																																													
seq1_RLOOP_36827	seq1	R-Loop	R-loop formation sites	36827	37441	615	GGGGCTAGGATGGGGACTCTTGCTGGGCATGTGGCCAGGCCCAGGCCCTCCCAGAAGGTCTACATGGGTGCTTCCCATTCCAGGGGATGAGCTACCTGGAGGATGTGCGGCTCGTACACAGGGACTTGGCCGCTCGGAACGTGCTGGTCAAGAGTCCCAACCATGTCAAAATTACAGACTTCGGGCTGGCTCGGCTGCTGGACATTGACGAGACAGAGTACCATGCAGATGGGGGCAAGGTTAGGTGAAGGACCAAGGAGCAGAGGAGGCTGGGTGGAGTGGTGTCTAGCCCATGGGAGAACTCTGAGTGGCCACCTCCCCACAACACACAGTTGGAGGACTTCCTCTTCTGCCCTCCCAGGTGCCCATCAAGTGGATGGCGCTGGAGTCCATTCTCCGCCGGCGGTTCACCCACCAGAGTGATGTGTGGAGTTATGGTGTGTGATGGGGGGTGTTGGGAGGGGTGGGTGAGGAGCCATGGCTGGAGGGAGGATGAGAGCTGGGATGGGGAGAATTACGGGGCCACCTCAGCATGTGAAGGGAGGGAAGGGGCTGCCTGTGCCCCACCTTGCAGGGTCTGTGCACTTCCCAGGATTAGGGAAAGACCGGGTAGGG	3.0	+	QmRLFS_detection	1.0																																														
seq1_G4_WEAK_36851	seq1	G-Quadruplex	Two-tetrad weak PQS	36851	36871	21	GGGCATGTGGCCAGGCCCAGG	1.0	+	Seeded_G4Hunter	0.4762	G4_WEAK																																													
seq1_G4_WEAK_37009	seq1	G-Quadruplex	Two-tetrad weak PQS	37009	37027	19	GGGCTGGCTCGGCTGCTGG	1.05	+	Seeded_G4Hunter	0.5263	G4_WEAK																																													
seq1_G4_WEAK_37057	seq1	G-Quadruplex	Two-tetrad weak PQS	37057	37077	21	GGGGGCAAGGTTAGGTGAAGG	1.14	+	Seeded_G4Hunter	0.5714	G4_WEAK																																													
seq1_G4_WEAK_37083	seq1	G-Quadruplex	Two-tetrad weak PQS	37083	37108	26	GGAGCAGAGGAGGCTGGGTGGAGTGG	1.25	+	Seeded_G4Hunter	0.624	G4_WEAK																																													
seq1_G4_TRX_37283	seq1	G-Quadruplex	Intramolecular G-triplex	37283	37294	12	GGGAGGGGTGGG	1.67	+	Seeded_G4Hunter	0.8333	G4_TRX																																													
seq1_G4_EXT_37313	seq1	G-Quadruplex	Extended-loop canonical	37313	37348	36	GGGAGGATGAGAGCTGGGATGGGGAGAATTACGGGG	1.73	+	Seeded_G4Hunter	0.864	G4_EXT																																													
seq1_G4_TRX_37366	seq1	G-Quadruplex	Intramolecular G-triplex	37366	37378	13	GGGAGGGAAGGGG	1.54	+	Seeded_G4Hunter	0.7692	G4_TRX																																													
seq1_G4_TRX_37424	seq1	G-Quadruplex	Intramolecular G-triplex	37424	37441	18	GGGAAAGACCGGGTAGGG	1.11	+	Seeded_G4Hunter	0.5556	G4_TRX																																													
seq1_RLOOP_37449	seq1	R-Loop	R-loop formation sites	37449	39319	1871	CCTGGCATCACATCTCCCCCTGCTACCTGCCATGATGCTAGACTCCTGAGCAGAACCTCTGGCTCAGTACACTAAAGCTCCCTCTGGCCCTCCCACTCCTGACCCTGTCTCTGCCTTAGGTGTGACTGTGTGGGAGCTGATGACTTTTGGGGCCAAACCTTACGATGGGATCCCAGCCCGGGAGATCCCTGACCTGCTGGAAAAGGGGGAGCGGCTGCCCCAGCCCCCCATCTGCACCATTGATGTCTACATGATCATGGTCAAATGTGCGTGGCTGAGCTGTGCTGGCTGCCTGGAGGAGGGTGGGAGGTCCTGGGTGGAGGAGCCCACAAGGGGCATGAAAGGGGACCAGGATGTATGTAGACCCAGGAGCCCTAGTATGTTAGGAGCCTCAAAACCTTCTTGTATCCCTTTTACAGTCAAAGTCCAAAGCCACTCTTGAGGAACACTCTTGTACAAAATTAAGCTGGGCACAGTGGCTCATGCCTGTAATCCCAGTACTTTTGGAGGCTGAGGTGGGAGGATCCCTTGAAGCCAGGAGTTCAAGACCAGCCTGGGCAACATAGTGAGATCCTATCTCTACAAAAAATAAAAAAATTATCTGGGTGTGGTGGTGTGTGCCAGTAGTCCCAGCTACTCAGGAGAGGCTGAGGCAGGAAGATCACTTGAGCCTAGTTTAAGGTTGCAGTAAGCTATGATTGCACCACTGAAATCCAGCCTGGGTGACAGAGCGAAACCTCATCTCAAAAAAATAAAAAAGCAAACAAAAAGAAAAAAAAAATTAAAAGGGAAACTAGAAGAGATGCCAAAGGTTCTGGCTGAAGACCCCAGAGTCTGGTGCTACTTCTCTACCACCTGAGGGCTTTGGGCTGTCCCTTGGGACTGTCTAGACCAGACTGGAGGGGGAGTGGGAGGGGAGAGGCAGCAAGCACACAGGGCCTGGGACTAGCATGCTGACCTCCCTCCTGCCCCAGGTTGGATGATTGACTCTGAATGTCGGCCAAGATTCCGGGAGTTGGTGTCTGAATTCTCCCGCATGGCCAGGGACCCCCAGCGCTTTGTGGTCATCCAGGTACTGGGCCTCTGTGCCCCATCCCTGCCTGTGGCTAAGAGCACCCTCCTGCAGAGGGTGGGAAGGAGAGATGAGTCCAGTATGCCAGGCCCCTCACGGAAGGCTGCATGCTGGGCTGGGGAGGGGCCACCATCCTGCCTCTCCTTCCTCCACAGAATGAGGACTTGGGCCCAGCCAGTCCCTTGGACAGCACCTTCTACCGCTCACTGCTGGAGGACGATGACATGGGGGACCTGGTGGATGCTGAGGAGTATCTGGTACCCCAGCAGGGCTTCTTCTGTCCAGACCCTGCCCCGGGCGCTGGGGGCATGGTCCACCACAGGCACCGCAGCTCATCTACCAGGGTCAGTGCCCTCGGTCACACTGTGTGGCTGTCTGCTTACCTCCCCCAACCCCGGTGGACTAGGGTCCCTTTCTCTGATGTTCCCTCAACTGTCACCTCTCAAGGAAACCCCATTATCCCTACAAAAAATTCTTACTGCCTTCCAACCCCTGTGACCCCATTCTCTCCACGGTGACTGTGTCATACCCCAAAGGTGACCTCTGTTTTTCTCCTGTGACCCTGTCACCTTCCATGGAGTCCCCATCCCAGATCCGTGAGTGACCCCCATCATGACTTTCTTTCTTGTCCCCAGAGTGGCGGTGGGGACCTGACACTAGGGCTGGAGCCCTCTGAAGAGGAGGCCCCCAGGTCTCCACTGGCACCCTCCGAAGGGGCTGGCTCCGATGTATTTGATGGTGACCTGGGAATGGGGGCAGCCAAGGGGCTGCAAAGCCTCCCCACACATGACCCCAGCCC	3.0	-	QmRLFS_detection	1.0																																														
seq1_G4_WEAK_37647	seq1	G-Quadruplex	Two-tetrad weak PQS	37647	37662	16	GGAAAAGGGGGAGCGG	1.25	+	Seeded_G4Hunter	0.625	G4_WEAK																																													
seq1_G4_WEAK_37743	seq1	G-Quadruplex	Two-tetrad weak PQS	37743	37765	23	GGAGGAGGGTGGGAGGTCCTGGG	1.3	+	Seeded_G4Hunter	0.6522	G4_WEAK																																													
seq1_G4_WEAK_37954	seq1	G-Quadruplex	Two-tetrad weak PQS	37954	37971	18	GGAGGCTGAGGTGGGAGG	1.33	+	Seeded_G4Hunter	0.6667	G4_WEAK																																													
seq1_CRV_TRACT_38039	seq1	Curved_DNA	Local Curvature	38039	38045	7	AAAAAAA	2.03	+	Curved_DNA_detection	0.538	CRV_TRACT_39	A-tract	7.0	0.0	100.0																																									
seq1_G4_WEAK_38089	seq1	G-Quadruplex	Two-tetrad weak PQS	38089	38105	17	GGAGAGGCTGAGGCAGG	1.18	+	Seeded_G4Hunter	0.5882	G4_WEAK																																													
seq1_CRV_TRACT_38194	seq1	Curved_DNA	Local Curvature	38194	38200	7	AAAAAAA	2.03	+	Curved_DNA_detection	0.538	CRV_TRACT_40	A-tract	7.0	0.0	100.0																																									
seq1_CRV_TRACT_38220	seq1	Curved_DNA	Local Curvature	38220	38229	10	AAAAAAAAAA	2.24	+	Curved_DNA_detection	0.625	CRV_TRACT_41	A-tract	10.0	0.0	100.0																																									
seq1_G4_TRX_38350	seq1	G-Quadruplex	Intramolecular G-triplex	38350	38365	16	GGGGGAGTGGGAGGGG	1.62	+	Seeded_G4Hunter	0.8125	G4_TRX																																													
seq1_G4_TRX_38633	seq1	G-Quadruplex	Intramolecular G-triplex	38633	38646	14	GGGCTGGGGAGGGG	1.57	+	Seeded_G4Hunter	0.7857	G4_TRX																																													
seq1_G4_WEAK_38747	seq1	G-Quadruplex	Two-tetrad weak PQS	38747	38778	32	GGGGGACCTGGTGGATGCTGAGGAGTATCTGG	1.43	+	Seeded_G4Hunter	0.7168	G4_WEAK																																													
seq1_G4_WEAK_38816	seq1	G-Quadruplex	Two-tetrad weak PQS	38816	38832	17	GGGCGCTGGGGGCATGG	1.29	+	Seeded_G4Hunter	0.6471	G4_WEAK																																													
seq1_G4_WEAK_39258	seq1	G-Quadruplex	Two-tetrad weak PQS	39258	39287	30	GGTGACCTGGGAATGGGGGCAGCCAAGGGG	1.25	+	Seeded_G4Hunter	0.624	G4_WEAK																																													
seq1_RLOOP_39341	seq1	R-Loop	R-loop formation sites	39341	39354	14	CCCCACAGTACCCC	1.88	-	QmRLFS_detection	0.643																																														
seq1_RLOOP_39382	seq1	R-Loop	R-loop formation sites	39382	39402	21	CCCCCCTGACCTGCAGCCCCC	1.97	-	QmRLFS_detection	0.667																																														
seq1_RLOOP_39441	seq1	R-Loop	R-loop formation sites	39441	39456	16	GGGCAGGGGAGGTGGG	2.27	+	QmRLFS_detection	0.75																																														
seq1_G4_EXT_39441	seq1	G-Quadruplex	Extended-loop canonical	39441	39484	44	GGGCAGGGGAGGTGGGACCTTCAGCCCAGGGTCCACTGTGGGGG	1.83	+	Seeded_G4Hunter	0.9152	G4_EXT																																													
seq1_HYBRID_39441	seq1	Hybrid	G-Quadruplex_R-Loop_Overlap	39441	39491	50	GGGCAGGGGAGGTGGGACCTTCAGCCCAGGGTCCACTGTGGGGGCAGAGGG	2.47	+	Hybrid_Detection	0.74								['G-Quadruplex', 'R-Loop']																																						
seq1_CLUSTER_39441	seq1	Non-B_DNA_Clusters	Mixed_Cluster_3_classes	39441	39604	163	GGGCAGGGGAGGTGGGACCTTCAGCCCAGGGTCCACTGTGGGGGCAGAGGGAGTGGCAGAGACACCGGGGTTCCTTCCCCTAATGGGTCACCTTCTCTTGACCTTTCAGAATATGTGAACCAGCCAGATGTTCGGCCCCAGCCCCCTTCGCCCCGAGAGGGCCC	2.53	+	Cluster_Detection	0.758						5.0	3.0	['i-Motif', 'R-Loop', 'G-Quadruplex']																																						
seq1_RLOOP_39469	seq1	R-Loop	R-loop formation sites	39469	39491	23	GGGTCCACTGTGGGGGCAGAGGG	1.6	+	QmRLFS_detection	0.565																																														
seq1_IMOT_39576	seq1	i-Motif	Canonical i-motif	39576	39604	29	CCCCAGCCCCCTTCGCCCCGAGAGGGCCC	2.35	+	i-Motif_detection	0.792	IMOT_10												4.333333333333333	4.0	82.76																			['CCCC', 'CCCCC', 'CCCC', 'CCC']	['AG', 'TTCG', 'GAGAGGG']	4.0	3.0	[4, 5, 4, 3]	[2, 4, 7]	100.0						
seq1_RLOOP_39582	seq1	R-Loop	R-loop formation sites	39582	39594	13	CCCCCTTCGCCCC	2.34	-	QmRLFS_detection	0.769																																														
seq1_G4_WEAK_40224	seq1	G-Quadruplex	Two-tetrad weak PQS	40224	40250	27	GGGAAGCTGGCCTGAGAGGGGAAGCGG	1.12	+	Seeded_G4Hunter	0.5616	G4_WEAK																																													
seq1_CRV_TRACT_40390	seq1	Curved_DNA	Local Curvature	40390	40396	7	TTTTTTT	2.03	+	Curved_DNA_detection	0.538	CRV_TRACT_42	T-tract	7.0	0.0	100.0																																									
seq1_TRX_40390	seq1	Triplex	Triplex_Motif	40390	40409	20	TTTTTTTGTTTTGTTTTTTT	3.0	+	Triplex_seed_mirror_detection	1.0	TRX_MIRROR																																													
seq1_CLUSTER_40390	seq1	Non-B_DNA_Clusters	Mixed_Cluster_4_classes	40390	40470	80	TTTTTTTGTTTTGTTTTTTTAAAGATGAAATAAAGACCCAGGGGGAGAATGGGTGTTGTATGGGGAGGCAAGTGTGGGGGG	2.51	+	Cluster_Detection	0.752						5.0	4.0	['G-Quadruplex', 'R-Loop', 'Curved_DNA', 'Triplex']																																						
seq1_CRV_TRACT_40403	seq1	Curved_DNA	Local Curvature	40403	40409	7	TTTTTTT	2.03	+	Curved_DNA_detection	0.538	CRV_TRACT_43	T-tract	7.0	0.0	100.0																																									
seq1_G4_EXT_40430	seq1	G-Quadruplex	Extended-loop canonical	40430	40470	41	GGGGGAGAATGGGTGTTGTATGGGGAGGCAAGTGTGGGGGG	1.97	+	Seeded_G4Hunter	0.984	G4_EXT																																													
seq1_RLOOP_40451	seq1	R-Loop	R-loop formation sites	40451	40470	20	GGGGAGGCAAGTGTGGGGGG	2.09	+	QmRLFS_detection	0.7																																														
