Sequence_name	Source	Type	Start	Stop	Length	Score	Strand	Repeat	Spacer	Repeated	Subset	Composition	Sequence
seq1	ABCC	Short_Tandem_Repeat	1762	1778	17	NA	+	1	4	X17+0	NA	1A/0C/0G/0T	aaaaaaaaaaaaaaaaa
seq1	ABCC	Short_Tandem_Repeat	2898	2913	16	NA	+	1	4	X16+0	NA	1A/0C/0G/0T	aaaaaaaaaaaaaaaa
seq1	ABCC	Short_Tandem_Repeat	3408	3418	11	NA	+	1	4	X11+0	NA	1A/0C/0G/0T	aaaaaaaaaaa
seq1	ABCC	Short_Tandem_Repeat	3418	3436	19	NA	+	2	11	X9+1	NA	1A/0C/0G/1T	atatatatatatatatata
seq1	ABCC	Short_Tandem_Repeat	3436	3462	27	NA	+	2	3	X13+1	NA	1A/1C/0G/0T	acacacacacacacacacacacacaca
seq1	ABCC	Short_Tandem_Repeat	3728	3766	39	NA	+	6	1	X6+3	NA	3A/0C/1G/2T	atagatatagatatagatatagatatagatatagatata
seq1	ABCC	Short_Tandem_Repeat	3766	3800	35	NA	+	6	3	X5+5	NA	3A/1C/0G/2T	atatacatatacatatacatatacatatacatata
seq1	ABCC	Short_Tandem_Repeat	3796	3819	24	NA	+	2	11	X12+0	NA	1A/0C/0G/1T	atatatatatatatatatatatat
seq1	ABCC	Short_Tandem_Repeat	4059	4069	11	NA	+	2	3	X5+1	NA	0A/0C/1G/1T	tgtgtgtgtgt
seq1	ABCC	Short_Tandem_Repeat	4267	4283	17	NA	+	1	4	X17+0	NA	0A/0C/0G/1T	ttttttttttttttttt
seq1	ABCC	Short_Tandem_Repeat	4923	4940	18	NA	+	6	1	X3+0	NA	5A/1C/0G/0T	aaaacaaaaacaaaaaca
seq1	ABCC	Short_Tandem_Repeat	5627	5666	40	NA	+	3	0	X13+1	NA	2A/0C/0G/1T	aataataataataataataataataataataataataata
seq1	ABCC	Short_Tandem_Repeat	6055	6088	34	NA	+	1	4	X34+0	NA	1A/0C/0G/0T	aaaaaaaaaaaaaaaaaaaaaaaaaaaaaaaaaa
seq1	ABCC	Short_Tandem_Repeat	6088	6129	42	NA	+	2	11	X21+0	NA	1A/0C/0G/1T	atatatatatatatatatatatatatatatatatatatatat
seq1	ABCC	Short_Tandem_Repeat	6135	6150	16	NA	+	2	11	X8+0	NA	1A/0C/0G/1T	tatatatatatatata
seq1	ABCC	Short_Tandem_Repeat	6165	6176	12	NA	+	2	11	X6+0	NA	1A/0C/0G/1T	tatatatatata
seq1	ABCC	Short_Tandem_Repeat	6176	6186	11	NA	+	2	3	X5+1	NA	1A/1C/0G/0T	acacacacaca
seq1	ABCC	Short_Tandem_Repeat	6202	6216	15	NA	+	5	0	X3+0	NA	4A/0C/0G/1T	ataaaataaaataaa
seq1	ABCC	Short_Tandem_Repeat	6215	6225	11	NA	+	3	0	X3+2	NA	2A/0C/0G/1T	aataataataa
seq1	ABCC	Short_Tandem_Repeat	7566	7619	54	NA	+	2	3	X27+0	NA	1A/1C/0G/0T	acacacacacacacacacacacacacacacacacacacacacacacacacacac
seq1	ABCC	Short_Tandem_Repeat	9216	9233	18	NA	+	1	4	X18+0	NA	0A/0C/0G/1T	tttttttttttttttttt
seq1	ABCC	Short_Tandem_Repeat	9561	9574	14	NA	+	4	1	X3+2	NA	0A/1C/0G/3T	tctttctttctttc
seq1	ABCC	Short_Tandem_Repeat	10122	10138	17	NA	+	1	4	X17+0	NA	0A/0C/0G/1T	ttttttttttttttttt
seq1	ABCC	Short_Tandem_Repeat	10820	10835	16	NA	+	1	4	X16+0	NA	1A/0C/0G/0T	aaaaaaaaaaaaaaaa
seq1	ABCC	Short_Tandem_Repeat	11322	11335	14	NA	+	1	4	X14+0	NA	1A/0C/0G/0T	aaaaaaaaaaaaaa
seq1	ABCC	Short_Tandem_Repeat	11871	11881	11	NA	+	3	0	X3+2	NA	1A/0C/2G/0T	ggaggaggagg
seq1	ABCC	Short_Tandem_Repeat	12487	12499	13	NA	+	2	11	X6+1	NA	0A/1C/1G/0T	gcgcgcgcgcgcg
seq1	ABCC	Short_Tandem_Repeat	12681	12695	15	NA	+	2	3	X7+1	NA	0A/0C/1G/1T	gtgtgtgtgtgtgtg
seq1	ABCC	Short_Tandem_Repeat	15984	15998	15	NA	+	4	1	X3+3	NA	1A/1C/0G/2T	tcattcattcattca
seq1	ABCC	Short_Tandem_Repeat	16815	16824	10	NA	+	2	3	X5+0	NA	0A/0C/1G/1T	tgtgtgtgtg
seq1	ABCC	Short_Tandem_Repeat	17065	17075	11	NA	+	3	0	X3+2	NA	0A/0C/1G/2T	ttgttgttgtt
seq1	ABCC	Short_Tandem_Repeat	19861	19872	12	NA	+	1	4	X12+0	NA	1A/0C/0G/0T	aaaaaaaaaaaa
seq1	ABCC	Short_Tandem_Repeat	21012	21024	13	NA	+	3	6	X4+1	NA	0A/0C/2G/1T	gtggtggtggtgg
seq1	ABCC	Short_Tandem_Repeat	23061	23072	12	NA	+	1	4	X12+0	NA	0A/0C/0G/1T	tttttttttttt
seq1	ABCC	Short_Tandem_Repeat	25620	25633	14	NA	+	1	4	X14+0	NA	1A/0C/0G/0T	aaaaaaaaaaaaaa
seq1	ABCC	Short_Tandem_Repeat	25919	25940	22	NA	+	1	4	X22+0	NA	1A/0C/0G/0T	aaaaaaaaaaaaaaaaaaaaaa
seq1	ABCC	Short_Tandem_Repeat	25999	26008	10	NA	+	2	3	X5+0	NA	0A/0C/1G/1T	gtgtgtgtgt
seq1	ABCC	Short_Tandem_Repeat	26036	26046	11	NA	+	2	3	X5+1	NA	1A/1C/0G/0T	acacacacaca
seq1	ABCC	Short_Tandem_Repeat	26634	26649	16	NA	+	1	4	X16+0	NA	0A/0C/0G/1T	tttttttttttttttt
seq1	ABCC	Short_Tandem_Repeat	29652	29682	31	NA	+	2	3	X15+1	NA	1A/1C/0G/0T	acacacacacacacacacacacacacacaca
seq1	ABCC	Short_Tandem_Repeat	30602	30611	10	NA	+	1	4	X10+0	NA	0A/0C/0G/1T	tttttttttt
seq1	ABCC	Short_Tandem_Repeat	30983	30992	10	NA	+	3	6	X3+1	NA	0A/0C/2G/1T	gtggtggtgg
seq1	ABCC	Short_Tandem_Repeat	31134	31144	11	NA	+	1	4	X11+0	NA	1A/0C/0G/0T	aaaaaaaaaaa
seq1	ABCC	Short_Tandem_Repeat	33123	33144	22	NA	+	1	4	X22+0	NA	0A/0C/0G/1T	tttttttttttttttttttttt
seq1	ABCC	Short_Tandem_Repeat	33766	33787	22	NA	+	4	1	X5+2	NA	1A/0C/0G/3T	tttatttatttatttatttatt
seq1	ABCC	Short_Tandem_Repeat	34364	34381	18	NA	+	4	1	X4+2	NA	3A/0C/0G/1T	aaataaataaataaataa
seq1	ABCC	Short_Tandem_Repeat	34591	34602	12	NA	+	1	4	X12+0	NA	0A/0C/0G/1T	tttttttttttt
seq1	ABCC	Short_Tandem_Repeat	34748	34758	11	NA	+	2	3	X5+1	NA	0A/0C/1G/1T	tgtgtgtgtgt
seq1	ABCC	Short_Tandem_Repeat	36134	36149	16	NA	+	1	4	X16+0	NA	0A/0C/0G/1T	tttttttttttttttt
seq1	ABCC	Short_Tandem_Repeat	38220	38229	10	NA	+	1	4	X10+0	NA	1A/0C/0G/0T	aaaaaaaaaa
